Workbook

Sheet Baca Dulu
A1: Mock-up data software udahcekbelum: NUSA HPV, CerviScan (Bio Farma), cobas HPV (Roche)
A2: Kelompok B, Track 1: Precision Diagnostics | GenoHack 2026 | Dibuat 19 Oktober 2026
A4: Tujuan | B4: Menunjukkan data apa saja yang masuk ke software dari tiap alat, dalam bentuk aslinya, lalu bagaimana software menyeragamkannya dan memakainya untuk tindak lanjut.
A5: SEMUA DATA SINTETIS | B5: Nama, ID, tanggal, dan nilai Ct dibuat oleh tim untuk demo. Bukan data pasien dan bukan hasil uji alat.
A6: Komposisi hasil | B6: Sekitar 20% sampel dibuat positif supaya alur tindak lanjut terlihat. Prevalensi nyata program sekitar 4% (Kemenkes, 2025). Jangan pakai angka di file ini sebagai estimasi pasar atau kinerja.
A7: Status NUSA HPV | B7: Alat masih rancangan konseptual dan belum tervalidasi. Kolom metilasi ditandai riset dan tidak dipakai untuk keputusan klinis.
A8: Spesifikasi CerviScan dan cobas | B8: Diambil dari dokumen publik dan materi vendor (target genotipe, kontrol internal, ambang Ct 40 untuk CerviScan). Nama kanal dan fluorofor CerviScan di sheet 3 adalah contoh. Ketersediaan Ct dari cobas belum terkonfirmasi: ditulis 'Perlu cek'.
A9: Urutan sheet | B9: 1 Kamus Data > 2 Mock NUSA > 3 Mock CerviScan (format ekspor mesin qPCR) > 4 Mock cobas > 5 Format Standar (hasil adapter, dengan rumus) > 6 Tindak Lanjut > 7 Ringkasan
A10: Warna | B10: Hijau muda = NUSA HPV; biru muda = CerviScan; oranye muda = cobas; abu-abu = berlaku untuk semua alat. Sel berisi rumus berwarna hitam; data contoh yang bisa diganti berwarna biru tua.
A12: Asumsi yang dipakai rumus
A13: Ambang Ct positif HPV | B13: 40 | C13: Ct < nilai ini = terdeteksi. Sumber: IFU CerviScan HPV-hr (ambang Ct 40).
A14: Batas Ct kontrol internal (valid jika <=) | B14: 35 | C14: Asumsi tim untuk demo. Nilai resmi per kit harus diambil dari IFU masing-masing.
A15: Jendela kirim cabang B (hari) | B15: 7 | C15: Asumsi tim untuk demo. Belum ada data stabilitas DNA cabang B.
A16: Target IVA setelah hasil positif (hari) | B16: 60 | C16: Target desain di halaman visual proposal (langkah 10).
A17: Recall hasil negatif (tahun) | B17: 10 | C17: KMK HK.01.07/MENKES/84/2026.
A18: Recall positif tipe lain, IVA normal (tahun) | B18: 3 | C18: KMK HK.01.07/MENKES/84/2026.
A19: Recall positif 16/18, IVA normal (tahun) | B19: 1 | C19: KMK HK.01.07/MENKES/84/2026.

Sheet 1 Kamus Data
A1: Tahap | B1: Variabel | C1: Arti | D1: Tipe data | E1: Satuan / nilai yang boleh | F1: NUSA HPV | G1: CerviScan (Bio Farma) | H1: cobas HPV (Roche) | I1: Sensitivitas (UU PDP) | J1: Dipakai software untuk
A2: 1 Identitas & kuesioner | B2: id_perempuan | C2: ID pseudonim perempuan | D2: Teks | E2: P-0001 dst. | F2: Ya | G2: Ya (CKG) | H2: Ya (CKG) | I2: Pribadi | J2: Menautkan semua data
A3: 1 Identitas & kuesioner | B3: nik_hash | C3: NIK yang di-hash, tidak disimpan mentah | D3: Teks | E3: Hash 64 karakter | F3: Ya | G3: Ya (CKG) | H3: Ya (CKG) | I3: Pribadi | J3: Pencocokan dengan SATUSEHAT
A4: 1 Identitas & kuesioner | B4: usia | C4: Usia saat skrining | D4: Angka | E4: Tahun, 30-69 | F4: Ya | G4: Ya | H4: Ya | I4: Pribadi | J4: Kelayakan; fitur skor risiko
A5: 1 Identitas & kuesioner | B5: riwayat_skrining | C5: Skrining sebelumnya | D5: Kategori | E5: Belum pernah / IVA / Pap / HPV DNA | F5: Ya (kuesioner) | G5: Ya (anamnesis CKG) | H5: Ya (anamnesis CKG) | I5: Spesifik (kesehatan) | J5: Fitur skor risiko; interval recall
A6: 1 Identitas & kuesioner | B6: vaksin_hpv | C6: Pernah vaksin HPV | D6: Kategori | E6: Ya / Tidak / Tidak tahu | F6: Ya (kuesioner) | G6: Perlu cek | H6: Perlu cek | I6: Spesifik (kesehatan) | J6: Fitur skor risiko
A7: 1 Identitas & kuesioner | B7: gejala_merah | C7: Perdarahan di luar haid, pascasanggama, atau pascamenopause | D7: Ya/Tidak | E7: Ya / Tidak | F7: Ya (kuesioner) | G7: Ya (anamnesis) | H7: Ya (anamnesis) | I7: Spesifik (kesehatan) | J7: Langsung arahkan ke evaluasi klinis
A8: 1 Identitas & kuesioner | B8: persetujuan | C8: Persetujuan pemeriksaan dan pemakaian data | D8: Ya/Tidak + waktu | E8: Ya / Tidak; tanggal-jam | F8: Ya (digital) | G8: Ya (formulir) | H8: Ya (formulir) | I8: Pribadi | J8: Dasar hukum pemrosesan data
A9: 2 Pengambilan sampel | B9: cara_ambil | C9: Cara pengambilan sampel | D9: Kategori | E9: Self-swab rumah / Self-swab didampingi nakes / Swab nakes | F9: Ya | G9: Ya | H9: Ya | I9: Spesifik (kesehatan) | J9: Normalisasi Ct per jenis sampel
A10: 2 Pengambilan sampel | B10: waktu_swab | C10: Waktu swab diambil | D10: Tanggal-jam | E10: YYYY-MM-DD HH:MM | F10: Ya (otomatis dari aplikasi) | G10: Manual di formulir | H10: Manual di formulir | I10: Spesifik (kesehatan) | J10: QC pra-analitik; waktu tunggu
A11: 2 Pengambilan sampel | B11: langkah_lengkap | C11: Semua langkah di aplikasi diikuti | D11: Ya/Tidak | E11: Ya / Tidak | F11: Ya | G11: Tidak | H11: Tidak | I11: Teknis | J11: QC pra-analitik
A12: 2 Pengambilan sampel | B12: inspekulo | C12: Hasil inspekulo oleh nakes | D12: Kategori | E12: Normal / Abnormal / Tidak dilakukan | F12: Tidak (tanpa nakes) | G12: Ya | H12: Ya | I12: Spesifik (kesehatan) | J12: Alur KMK 84/2026
... A36: 7 Tindak lanjut | B36: tgl_recall | C36: Tanggal pemeriksaan berikutnya | D36: Tanggal | E36: Dihitung dari kategori dan hasil IVA | F36: Ya (lewat software) | G36: Ya (lewat software) | H36: Ya (lewat software) | I36: Pribadi | J36: Pengingat; loop tertutup

Sheet 2 Mock NUSA
A1: id_perempuan | B1: barcode_A | C1: barcode_B | D1: usia | E1: riwayat_skrining | F1: vaksin_hpv | G1: gejala_merah | H1: cara_ambil | I1: waktu_swab | J1: waktu_mulai_run | K1: langkah_lengkap | L1: id_alat | M1: lot_cartridge | N1: durasi_run_menit | O1: ct_hpv16 | P1: ct_hpv18 | Q1: ct_hpv52 | R1: ct_pool_lain | S1: ct_kontrol_internal | T1: status_qc (rumus) | U1: kategori (rumus) | V1: status_cabang_B | W1: tgl_kirim_B | X1: tgl_terima_B | Y1: dalam_jendela (rumus) | Z1: genotipe_lab | AA1: metilasi (RISET) | AB1: kesesuaian_A_B
A2: P-0001 | B2: A-7100 | C2: B-7100 | D2: 59 | E2: HPV DNA | F2: Tidak tahu | G2: Ya | H2: Self-swab rumah | I2: 46300.545 | J2: 46300.562 | K2: Ya | L2: NUSA-0031 | M2: LOT-2610B | N2: 39 | S2: 22.9 | T2: =IF(AND(ISNUMBER(S2),S2<='Baca Dulu'!$B$14),"Valid","Invalid") -> Valid | U2: =IF(T2="Invalid","Invalid",IF(OR(AND(ISNUMBER(O2),O2<'Baca Dulu'!$B$13),AND(ISNUMBER(P2),P2<'Baca Dulu'!$B$13)),"Positif 16/18",IF(OR(AND(ISNUMBER(Q2),Q2<'Baca Dulu'!$B$13),AND(ISNUMBER(R2),R2<'Baca Dulu'!$B$13)),"Positif lain","Negatif"))) -> Negatif | V2: Disimpan, tidak dikirim | Y2: =IF(V2="Dikirim",IF(X2-W2<='Baca Dulu'!$B$15,"Ya","Tidak"),"")
A3: P-0002 | B3: A-7101 | C3: B-7101 | D3: 36 | E3: HPV DNA | F3: Tidak | G3: Tidak | H3: Self-swab rumah | I3: 46303.585 | J3: 46303.594 | K3: Ya | L3: NUSA-0044 | M3: LOT-2610A | N3: 49 | S3: 28 | T3: =IF(AND(ISNUMBER(S3),S3<='Baca Dulu'!$B$14),"Valid","Invalid") -> Valid | U3: =IF(T3="Invalid","Invalid",IF(OR(AND(ISNUMBER(O3),O3<'Baca Dulu'!$B$13),AND(ISNUMBER(P3),P3<'Baca Dulu'!$B$13)),"Positif 16/18",IF(OR(AND(ISNUMBER(Q3),Q3<'Baca Dulu'!$B$13),AND(ISNUMBER(R3),R3<'Baca Dulu'!$B$13)),"Positif lain","Negatif"))) -> Negatif | V3: Disimpan, tidak dikirim | Y3: =IF(V3="Dikirim",IF(X3-W3<='Baca Dulu'!$B$15,"Ya","Tidak"),"")
A4: P-0003 | B4: A-7102 | C4: B-7102 | D4: 64 | E4: Belum pernah | F4: Tidak tahu | G4: Tidak | H4: Self-swab rumah | I4: 46302.722 | J4: 46302.735 | K4: Ya | L4: NUSA-0027 | M4: LOT-2610B | N4: 39 | S4: 22.1 | T4: =IF(AND(ISNUMBER(S4),S4<='Baca Dulu'!$B$14),"Valid","Invalid") -> Valid | U4: =IF(T4="Invalid","Invalid",IF(OR(AND(ISNUMBER(O4),O4<'Baca Dulu'!$B$13),AND(ISNUMBER(P4),P4<'Baca Dulu'!$B$13)),"Positif 16/18",IF(OR(AND(ISNUMBER(Q4),Q4<'Baca Dulu'!$B$13),AND(ISNUMBER(R4),R4<'Baca Dulu'!$B$13)),"Positif lain","Negatif"))) -> Negatif | V4: Disimpan, tidak dikirim | Y4: =IF(V4="Dikirim",IF(X4-W4<='Baca Dulu'!$B$15,"Ya","Tidak"),"")
A5: P-0004 | B5: A-7103 | C5: B-7103 | D5: 49 | E5: Pap | F5: Ya | G5: Tidak | H5: Self-swab rumah | I5: 46309.631 | J5: 46309.636 | K5: Ya | L5: NUSA-0031 | M5: LOT-2610A | N5: 48 | S5: 25.9 | T5: =IF(AND(ISNUMBER(S5),S5<='Baca Dulu'!$B$14),"Valid","Invalid") -> Valid | U5: =IF(T5="Invalid","Invalid",IF(OR(AND(ISNUMBER(O5),O5<'Baca Dulu'!$B$13),AND(ISNUMBER(P5),P5<'Baca Dulu'!$B$13)),"Positif 16/18",IF(OR(AND(ISNUMBER(Q5),Q5<'Baca Dulu'!$B$13),AND(ISNUMBER(R5),R5<'Baca Dulu'!$B$13)),"Positif lain","Negatif"))) -> Negatif | V5: Disimpan, tidak dikirim | Y5: =IF(V5="Dikirim",IF(X5-W5<='Baca Dulu'!$B$15,"Ya","Tidak"),"")
A6: P-0005 | B6: A-7104 | C6: B-7104 | D6: 44 | E6: Pap | F6: Ya | G6: Tidak | H6: Self-swab rumah | I6: 46303.506 | J6: 46303.524 | K6: Ya | L6: NUSA-0012 | M6: LOT-2610B | N6: 39 | S6: 26.1 | T6: =IF(AND(ISNUMBER(S6),S6<='Baca Dulu'!$B$14),"Valid","Invalid") -> Valid | U6: =IF(T6="Invalid","Invalid",IF(OR(AND(ISNUMBER(O6),O6<'Baca Dulu'!$B$13),AND(ISNUMBER(P6),P6<'Baca Dulu'!$B$13)),"Positif 16/18",IF(OR(AND(ISNUMBER(Q6),Q6<'Baca Dulu'!$B$13),AND(ISNUMBER(R6),R6<'Baca Dulu'!$B$13)),"Positif lain","Negatif"))) -> Negatif | V6: Disimpan, tidak dikirim | Y6: =IF(V6="Dikirim",IF(X6-W6<='Baca Dulu'!$B$15,"Ya","Tidak"),"")
A7: P-0006 | B7: A-7105 | C7: B-7105 | D7: 63 | E7: Belum pernah | F7: Ya | G7: Tidak | H7: Self-swab rumah | I7: 46303.711 | J7: 46303.735 | K7: Ya | L7: NUSA-0044 | M7: LOT-2610A | N7: 46 | S7: 23 | T7: =IF(AND(ISNUMBER(S7),S7<='Baca Dulu'!$B$14),"Valid","Invalid") -> Valid | U7: =IF(T7="Invalid","Invalid",IF(OR(AND(ISNUMBER(O7),O7<'Baca Dulu'!$B$13),AND(ISNUMBER(P7),P7<'Baca Dulu'!$B$13)),"Positif 16/18",IF(OR(AND(ISNUMBER(Q7),Q7<'Baca Dulu'!$B$13),AND(ISNUMBER(R7),R7<'Baca Dulu'!$B$13)),"Positif lain","Negatif"))) -> Negatif | V7: Disimpan, tidak dikirim | Y7: =IF(V7="Dikirim",IF(X7-W7<='Baca Dulu'!$B$15,"Ya","Tidak"),"")
A8: P-0007 | B8: A-7106 | C8: B-7106 | D8: 45 | E8: Belum pernah | F8: Ya | G8: Tidak | H8: Self-swab rumah | I8: 46306.358 | J8: 46306.371 | K8: Ya | L8: NUSA-0027 | M8: LOT-2610A | N8: 40 | S8: 26.1 | T8: =IF(AND(ISNUMBER(S8),S8<='Baca Dulu'!$B$14),"Valid","Invalid") -> Valid | U8: =IF(T8="Invalid","Invalid",IF(OR(AND(ISNUMBER(O8),O8<'Baca Dulu'!$B$13),AND(ISNUMBER(P8),P8<'Baca Dulu'!$B$13)),"Positif 16/18",IF(OR(AND(ISNUMBER(Q8),Q8<'Baca Dulu'!$B$13),AND(ISNUMBER(R8),R8<'Baca Dulu'!$B$13)),"Positif lain","Negatif"))) -> Negatif | V8: Disimpan, tidak dikirim | Y8: =IF(V8="Dikirim",IF(X8-W8<='Baca Dulu'!$B$15,"Ya","Tidak"),"")
A9: P-0008 | B9: A-7107 | C9: B-7107 | D9: 55 | E9: IVA | F9: Tidak | G9: Tidak | H9: Self-swab rumah | I9: 46307.448 | J9: 46307.472 | K9: Ya | L9: NUSA-0012 | M9: LOT-2610A | N9: 51 | Q9: 35.8 | S9: 26.3 | T9: =IF(AND(ISNUMBER(S9),S9<='Baca Dulu'!$B$14),"Valid","Invalid") -> Valid | U9: =IF(T9="Invalid","Invalid",IF(OR(AND(ISNUMBER(O9),O9<'Baca Dulu'!$B$13),AND(ISNUMBER(P9),P9<'Baca Dulu'!$B$13)),"Positif 16/18",IF(OR(AND(ISNUMBER(Q9),Q9<'Baca Dulu'!$B$13),AND(ISNUMBER(R9),R9<'Baca Dulu'!$B$13)),"Positif lain","Negatif"))) -> Positif lain | V9: Dikirim | W9: 46307 | X9: 46309 | Y9: =IF(V9="Dikirim",IF(X9-W9<='Baca Dulu'!$B$15,"Ya","Tidak"),"") -> Ya | Z9: 52 | AA9: Negatif | AB9: Sesuai
A10: P-0009 | B10: A-7108 | C10: B-7108 | D10: 38 | E10: Belum pernah | F10: Tidak | G10: Tidak | H10: Self-swab rumah | I10: 46306.52 | J10: 46306.542 | K10: Ya | L10: NUSA-0012 | M10: LOT-2610B | N10: 47 | S10: 29.4 | T10: =IF(AND(ISNUMBER(S10),S10<='Baca Dulu'!$B$14),"Valid","Invalid") -> Valid | U10: =IF(T10="Invalid","Invalid",IF(OR(AND(ISNUMBER(O10),O10<'Baca Dulu'!$B$13),AND(ISNUMBER(P10),P10<'Baca Dulu'!$B$13)),"Positif 16/18",IF(OR(AND(ISNUMBER(Q10),Q10<'Baca Dulu'!$B$13),AND(ISNUMBER(R10),R10<'Baca Dulu'!$B$13)),"Positif lain","Negatif"))) -> Negatif | V10: Disimpan, tidak dikirim | Y10: =IF(V10="Dikirim",IF(X10-W10<='Baca Dulu'!$B$15,"Ya","Tidak"),"")
A11: P-0010 | B11: A-7109 | C11: B-7109 | D11: 34 | E11: Pap | F11: Tidak tahu | G11: Ya | H11: Self-swab rumah | I11: 46307.723 | J11: 46307.736 | K11: Ya | L11: NUSA-0012 | M11: LOT-2610A | N11: 48 | S11: 29.6 | T11: =IF(AND(ISNUMBER(S11),S11<='Baca Dulu'!$B$14),"Valid","Invalid") -> Valid | U11: =IF(T11="Invalid","Invalid",IF(OR(AND(ISNUMBER(O11),O11<'Baca Dulu'!$B$13),AND(ISNUMBER(P11),P11<'Baca Dulu'!$B$13)),"Positif 16/18",IF(OR(AND(ISNUMBER(Q11),Q11<'Baca Dulu'!$B$13),AND(ISNUMBER(R11),R11<'Baca Dulu'!$B$13)),"Positif lain","Negatif"))) -> Negatif | V11: Disimpan, tidak dikirim | Y11: =IF(V11="Dikirim",IF(X11-W11<='Baca Dulu'!$B$15,"Ya","Tidak"),"")
A12: P-0011 | B12: A-7110 | C12: B-7110 | D12: 35 | E12: IVA | F12: Ya | G12: Tidak | H12: Self-swab rumah | I12: 46301.687 | J12: 46301.692 | K12: Ya | L12: NUSA-0031 | M12: LOT-2610B | N12: 40 | Q12: 27.2 | S12: 24.1 | T12: =IF(AND(ISNUMBER(S12),S12<='Baca Dulu'!$B$14),"Valid","Invalid") -> Valid | U12: =IF(T12="Invalid","Invalid",IF(OR(AND(ISNUMBER(O12),O12<'Baca Dulu'!$B$13),AND(ISNUMBER(P12),P12<'Baca Dulu'!$B$13)),"Positif 16/18",IF(OR(AND(ISNUMBER(Q12),Q12<'Baca Dulu'!$B$13),AND(ISNUMBER(R12),R12<'Baca Dulu'!$B$13)),"Positif lain","Negatif"))) -> Positif lain | V12: Dikirim | W12: 46301 | X12: 46304 | Y12: =IF(V12="Dikirim",IF(X12-W12<='Baca Dulu'!$B$15,"Ya","Tidak"),"") -> Ya | Z12: 52, 59 | AA12: Negatif | AB12: Sesuai
A13: P-0012 | B13: A-7111 | C13: B-7111 | D13: 59 | E13: Belum pernah | F13: Tidak | G13: Ya | H13: Self-swab rumah | I13: 46305.64 | J13: 46305.654 | K13: Ya | L13: NUSA-0027 | M13: LOT-2610B | N13: 50 | S13: 23 | T13: =IF(AND(ISNUMBER(S13),S13<='Baca Dulu'!$B$14),"Valid","Invalid") -> Valid | U13: =IF(T13="Invalid","Invalid",IF(OR(AND(ISNUMBER(O13),O13<'Baca Dulu'!$B$13),AND(ISNUMBER(P13),P13<'Baca Dulu'!$B$13)),"Positif 16/18",IF(OR(AND(ISNUMBER(Q13),Q13<'Baca Dulu'!$B$13),AND(ISNUMBER(R13),R13<'Baca Dulu'!$B$13)),"Positif lain","Negatif"))) -> Negatif | V13: Disimpan, tidak dikirim | Y13: =IF(V13="Dikirim",IF(X13-W13<='Baca Dulu'!$B$15,"Ya","Tidak"),"")
A14: P-0013 | B14: A-7112 | C14: B-7112 | D14: 61 | E14: Belum pernah | F14: Tidak | G14: Tidak | H14: Self-swab rumah | I14: 46309.597 | J14: 46309.601 | K14: Ya | L14: NUSA-0044 | M14: LOT-2610A | N14: 48 | S14: 28 | T14: =IF(AND(ISNUMBER(S14),S14<='Baca Dulu'!$B$14),"Valid","Invalid") -> Valid | U14: =IF(T14="Invalid","Invalid",IF(OR(AND(ISNUMBER(O14),O14<'Baca Dulu'!$B$13),AND(ISNUMBER(P14),P14<'Baca Dulu'!$B$13)),"Positif 16/18",IF(OR(AND(ISNUMBER(Q14),Q14<'Baca Dulu'!$B$13),AND(ISNUMBER(R14),R14<'Baca Dulu'!$B$13)),"Positif lain","Negatif"))) -> Negatif | V14: Disimpan, tidak dikirim | Y14: =IF(V14="Dikirim",IF(X14-W14<='Baca Dulu'!$B$15,"Ya","Tidak"),"")
A15: P-0014 | B15: A-7113 | C15: B-7113 | D15: 40 | E15: Pap | F15: Tidak | G15: Tidak | H15: Self-swab rumah | I15: 46309.424 | J15: 46309.434 | K15: Ya | L15: NUSA-0027 | M15: LOT-2610B | N15: 39 | Q15: 25.7 | S15: 24.2 | T15: =IF(AND(ISNUMBER(S15),S15<='Baca Dulu'!$B$14),"Valid","Invalid") -> Valid | U15: =IF(T15="Invalid","Invalid",IF(OR(AND(ISNUMBER(O15),O15<'Baca Dulu'!$B$13),AND(ISNUMBER(P15),P15<'Baca Dulu'!$B$13)),"Positif 16/18",IF(OR(AND(ISNUMBER(Q15),Q15<'Baca Dulu'!$B$13),AND(ISNUMBER(R15),R15<'Baca Dulu'!$B$13)),"Positif lain","Negatif"))) -> Positif lain | V15: Dikirim | W15: 46309 | X15: 46313 | Y15: =IF(V15="Dikirim",IF(X15-W15<='Baca Dulu'!$B$15,"Ya","Tidak"),"") -> Ya | Z15: 52 | AA15: Belum diuji | AB15: Sesuai
A16: P-0015 | B16: A-7114 | C16: B-7114 | D16: 42 | E16: Belum pernah | F16: Tidak | G16: Tidak | H16: Self-swab rumah | I16: 46301.731 | J16: 46301.753 | K16: Ya | L16: NUSA-0027 | M16: LOT-2610A | N16: 51 | S16: 25.4 | T16: =IF(AND(ISNUMBER(S16),S16<='Baca Dulu'!$B$14),"Valid","Invalid") -> Valid | U16: =IF(T16="Invalid","Invalid",IF(OR(AND(ISNUMBER(O16),O16<'Baca Dulu'!$B$13),AND(ISNUMBER(P16),P16<'Baca Dulu'!$B$13)),"Positif 16/18",IF(OR(AND(ISNUMBER(Q16),Q16<'Baca Dulu'!$B$13),AND(ISNUMBER(R16),R16<'Baca Dulu'!$B$13)),"Positif lain","Negatif"))) -> Negatif | V16: Disimpan, tidak dikirim | Y16: =IF(V16="Dikirim",IF(X16-W16<='Baca Dulu'!$B$15,"Ya","Tidak"),"")
A17: P-0016 | B17: A-7115 | C17: B-7115 | D17: 57 | E17: IVA | F17: Tidak | G17: Tidak | H17: Self-swab rumah | I17: 46300.803 | J17: 46300.819 | K17: Ya | L17: NUSA-0012 | M17: LOT-2610B | N17: 46 | P17: 28.6 | S17: 28.3 | T17: =IF(AND(ISNUMBER(S17),S17<='Baca Dulu'!$B$14),"Valid","Invalid") -> Valid | U17: =IF(T17="Invalid","Invalid",IF(OR(AND(ISNUMBER(O17),O17<'Baca Dulu'!$B$13),AND(ISNUMBER(P17),P17<'Baca Dulu'!$B$13)),"Positif 16/18",IF(OR(AND(ISNUMBER(Q17),Q17<'Baca Dulu'!$B$13),AND(ISNUMBER(R17),R17<'Baca Dulu'!$B$13)),"Positif lain","Negatif"))) -> Positif 16/18 | V17: Dikirim | W17: 46300 | X17: 46309 | Y17: =IF(V17="Dikirim",IF(X17-W17<='Baca Dulu'!$B$15,"Ya","Tidak"),"") -> Tidak | Z17: 18 | AA17: Belum diuji | AB17: Sesuai
A18: P-0017 | B18: A-7116 | C18: B-7116 | D18: 58 | E18: IVA | F18: Tidak tahu | G18: Tidak | H18: Self-swab rumah | I18: 46308.775 | J18: 46308.79 | K18: Ya | L18: NUSA-0027 | M18: LOT-2610B | N18: 40 | S18: 28.5 | T18: =IF(AND(ISNUMBER(S18),S18<='Baca Dulu'!$B$14),"Valid","Invalid") -> Valid | U18: =IF(T18="Invalid","Invalid",IF(OR(AND(ISNUMBER(O18),O18<'Baca Dulu'!$B$13),AND(ISNUMBER(P18),P18<'Baca Dulu'!$B$13)),"Positif 16/18",IF(OR(AND(ISNUMBER(Q18),Q18<'Baca Dulu'!$B$13),AND(ISNUMBER(R18),R18<'Baca Dulu'!$B$13)),"Positif lain","Negatif"))) -> Negatif | V18: Disimpan, tidak dikirim | Y18: =IF(V18="Dikirim",IF(X18-W18<='Baca Dulu'!$B$15,"Ya","Tidak"),"")
A19: P-0018 | B19: A-7117 | C19: B-7117 | D19: 45 | E19: Belum pernah | F19: Tidak | G19: Tidak | H19: Self-swab rumah | I19: 46300.825 | J19: 46300.845 | K19: Ya | L19: NUSA-0027 | M19: LOT-2610B | N19: 44 | S19: 22.7 | T19: =IF(AND(ISNUMBER(S19),S19<='Baca Dulu'!$B$14),"Valid","Invalid") -> Valid | U19: =IF(T19="Invalid","Invalid",IF(OR(AND(ISNUMBER(O19),O19<'Baca Dulu'!$B$13),AND(ISNUMBER(P19),P19<'Baca Dulu'!$B$13)),"Positif 16/18",IF(OR(AND(ISNUMBER(Q19),Q19<'Baca Dulu'!$B$13),AND(ISNUMBER(R19),R19<'Baca Dulu'!$B$13)),"Positif lain","Negatif"))) -> Negatif | V19: Disimpan, tidak dikirim | Y19: =IF(V19="Dikirim",IF(X19-W19<='Baca Dulu'!$B$15,"Ya","Tidak"),"")
A20: P-0019 | B20: A-7118 | C20: B-7118 | D20: 60 | E20: Belum pernah | F20: Tidak | G20: Tidak | H20: Self-swab rumah | I20: 46305.754 | J20: 46305.779 | K20: Ya | L20: NUSA-0012 | M20: LOT-2610B | N20: 40 | R20: 27.9 | S20: 24.6 | T20: =IF(AND(ISNUMBER(S20),S20<='Baca Dulu'!$B$14),"Valid","Invalid") -> Valid | U20: =IF(T20="Invalid","Invalid",IF(OR(AND(ISNUMBER(O20),O20<'Baca Dulu'!$B$13),AND(ISNUMBER(P20),P20<'Baca Dulu'!$B$13)),"Positif 16/18",IF(OR(AND(ISNUMBER(Q20),Q20<'Baca Dulu'!$B$13),AND(ISNUMBER(R20),R20<'Baca Dulu'!$B$13)),"Positif lain","Negatif"))) -> Positif lain | V20: Dikirim | W20: 46306 | X20: 46309 | Y20: =IF(V20="Dikirim",IF(X20-W20<='Baca Dulu'!$B$15,"Ya","Tidak"),"") -> Ya | Z20: 45, 59 | AA20: Negatif | AB20: Sesuai
A21: P-0020 | B21: A-7119 | C21: B-7119 | D21: 55 | E21: IVA | F21: Tidak | G21: Tidak | H21: Self-swab rumah | I21: 46305.523 | J21: 46305.547 | K21: Ya | L21: NUSA-0027 | M21: LOT-2610B | N21: 40 | S21: 25.9 | T21: =IF(AND(ISNUMBER(S21),S21<='Baca Dulu'!$B$14),"Valid","Invalid") -> Valid | U21: =IF(T21="Invalid","Invalid",IF(OR(AND(ISNUMBER(O21),O21<'Baca Dulu'!$B$13),AND(ISNUMBER(P21),P21<'Baca Dulu'!$B$13)),"Positif 16/18",IF(OR(AND(ISNUMBER(Q21),Q21<'Baca Dulu'!$B$13),AND(ISNUMBER(R21),R21<'Baca Dulu'!$B$13)),"Positif lain","Negatif"))) -> Negatif | V21: Disimpan, tidak dikirim | Y21: =IF(V21="Dikirim",IF(X21-W21<='Baca Dulu'!$B$15,"Ya","Tidak"),"")
A22: P-0021 | B22: A-7120 | C22: B-7120 | D22: 32 | E22: Belum pernah | F22: Tidak | G22: Tidak | H22: Self-swab rumah | I22: 46303.367 | J22: 46303.376 | K22: Ya | L22: NUSA-0031 | M22: LOT-2610B | N22: 48 | S22: 26 | T22: =IF(AND(ISNUMBER(S22),S22<='Baca Dulu'!$B$14),"Valid","Invalid") -> Valid | U22: =IF(T22="Invalid","Invalid",IF(OR(AND(ISNUMBER(O22),O22<'Baca Dulu'!$B$13),AND(ISNUMBER(P22),P22<'Baca Dulu'!$B$13)),"Positif 16/18",IF(OR(AND(ISNUMBER(Q22),Q22<'Baca Dulu'!$B$13),AND(ISNUMBER(R22),R22<'Baca Dulu'!$B$13)),"Positif lain","Negatif"))) -> Negatif | V22: Disimpan, tidak dikirim | Y22: =IF(V22="Dikirim",IF(X22-W22<='Baca Dulu'!$B$15,"Ya","Tidak"),"")
A23: P-0022 | B23: A-7121 | C23: B-7121 | D23: 34 | E23: Belum pernah | F23: Tidak tahu | G23: Tidak | H23: Self-swab rumah | I23: 46305.684 | J23: 46305.705 | K23: Ya | L23: NUSA-0027 | M23: LOT-2610A | N23: 42 | S23: 25.8 | T23: =IF(AND(ISNUMBER(S23),S23<='Baca Dulu'!$B$14),"Valid","Invalid") -> Valid | U23: =IF(T23="Invalid","Invalid",IF(OR(AND(ISNUMBER(O23),O23<'Baca Dulu'!$B$13),AND(ISNUMBER(P23),P23<'Baca Dulu'!$B$13)),"Positif 16/18",IF(OR(AND(ISNUMBER(Q23),Q23<'Baca Dulu'!$B$13),AND(ISNUMBER(R23),R23<'Baca Dulu'!$B$13)),"Positif lain","Negatif"))) -> Negatif | V23: Disimpan, tidak dikirim | Y23: =IF(V23="Dikirim",IF(X23-W23<='Baca Dulu'!$B$15,"Ya","Tidak"),"")
A24: P-0023 | B24: A-7122 | C24: B-7122 | D24: 51 | E24: Belum pernah | F24: Tidak tahu | G24: Tidak | H24: Self-swab rumah | I24: 46302.553 | J24: 46302.579 | K24: Ya | L24: NUSA-0012 | M24: LOT-2610B | N24: 45 | S24: 30.1 | T24: =IF(AND(ISNUMBER(S24),S24<='Baca Dulu'!$B$14),"Valid","Invalid") -> Valid | U24: =IF(T24="Invalid","Invalid",IF(OR(AND(ISNUMBER(O24),O24<'Baca Dulu'!$B$13),AND(ISNUMBER(P24),P24<'Baca Dulu'!$B$13)),"Positif 16/18",IF(OR(AND(ISNUMBER(Q24),Q24<'Baca Dulu'!$B$13),AND(ISNUMBER(R24),R24<'Baca Dulu'!$B$13)),"Positif lain","Negatif"))) -> Negatif | V24: Disimpan, tidak dikirim | Y24: =IF(V24="Dikirim",IF(X24-W24<='Baca Dulu'!$B$15,"Ya","Tidak"),"")
A25: P-0024 | B25: A-7123 | C25: B-7123 | D25: 35 | E25: Belum pernah | F25: Ya | G25: Ya | H25: Self-swab rumah | I25: 46304.772 | J25: 46304.778 | K25: Tidak | L25: NUSA-0027 | M25: LOT-2610A | N25: 43 | T25: =IF(AND(ISNUMBER(S25),S25<='Baca Dulu'!$B$14),"Valid","Invalid") -> Invalid | U25: =IF(T25="Invalid","Invalid",IF(OR(AND(ISNUMBER(O25),O25<'Baca Dulu'!$B$13),AND(ISNUMBER(P25),P25<'Baca Dulu'!$B$13)),"Positif 16/18",IF(OR(AND(ISNUMBER(Q25),Q25<'Baca Dulu'!$B$13),AND(ISNUMBER(R25),R25<'Baca Dulu'!$B$13)),"Positif lain","Negatif"))) -> Invalid | V25: Disimpan, tidak dikirim | Y25: =IF(V25="Dikirim",IF(X25-W25<='Baca Dulu'!$B$15,"Ya","Tidak"),"")
A26: P-0025 | B26: A-7124 | C26: B-7124 | D26: 46 | E26: Belum pernah | F26: Tidak | G26: Tidak | H26: Self-swab rumah | I26: 46302.694 | J26: 46302.714 | K26: Ya | L26: NUSA-0027 | M26: LOT-2610B | N26: 51 | Q26: 25.7 | S26: 22.7 | T26: =IF(AND(ISNUMBER(S26),S26<='Baca Dulu'!$B$14),"Valid","Invalid") -> Valid | U26: =IF(T26="Invalid","Invalid",IF(OR(AND(ISNUMBER(O26),O26<'Baca Dulu'!$B$13),AND(ISNUMBER(P26),P26<'Baca Dulu'!$B$13)),"Positif 16/18",IF(OR(AND(ISNUMBER(Q26),Q26<'Baca Dulu'!$B$13),AND(ISNUMBER(R26),R26<'Baca Dulu'!$B$13)),"Positif lain","Negatif"))) -> Positif lain | V26: Dikirim | W26: 46304 | X26: 46305 | Y26: =IF(V26="Dikirim",IF(X26-W26<='Baca Dulu'!$B$15,"Ya","Tidak"),"") -> Ya | Z26: 52, 59 | AA26: Negatif | AB26: Sesuai
A27: P-0026 | B27: A-7125 | C27: B-7125 | D27: 57 | E27: Belum pernah | F27: Tidak tahu | G27: Tidak | H27: Self-swab rumah | I27: 46305.533 | J27: 46305.549 | K27: Tidak | L27: NUSA-0027 | M27: LOT-2610A | N27: 51 | P27: 22.9 | S27: 26 | T27: =IF(AND(ISNUMBER(S27),S27<='Baca Dulu'!$B$14),"Valid","Invalid") -> Valid | U27: =IF(T27="Invalid","Invalid",IF(OR(AND(ISNUMBER(O27),O27<'Baca Dulu'!$B$13),AND(ISNUMBER(P27),P27<'Baca Dulu'!$B$13)),"Positif 16/18",IF(OR(AND(ISNUMBER(Q27),Q27<'Baca Dulu'!$B$13),AND(ISNUMBER(R27),R27<'Baca Dulu'!$B$13)),"Positif lain","Negatif"))) -> Positif 16/18 | V27: Dikirim | W27: 46307 | X27: 46308 | Y27: =IF(V27="Dikirim",IF(X27-W27<='Baca Dulu'!$B$15,"Ya","Tidak"),"") -> Ya | Z27: 18 | AA27: Belum diuji | AB27: Sesuai
A28: P-0027 | B28: A-7126 | C28: B-7126 | D28: 47 | E28: Belum pernah | F28: Tidak | G28: Tidak | H28: Self-swab rumah | I28: 46304.553 | J28: 46304.569 | K28: Ya | L28: NUSA-0031 | M28: LOT-2610B | N28: 50 | S28: 27.8 | T28: =IF(AND(ISNUMBER(S28),S28<='Baca Dulu'!$B$14),"Valid","Invalid") -> Valid | U28: =IF(T28="Invalid","Invalid",IF(OR(AND(ISNUMBER(O28),O28<'Baca Dulu'!$B$13),AND(ISNUMBER(P28),P28<'Baca Dulu'!$B$13)),"Positif 16/18",IF(OR(AND(ISNUMBER(Q28),Q28<'Baca Dulu'!$B$13),AND(ISNUMBER(R28),R28<'Baca Dulu'!$B$13)),"Positif lain","Negatif"))) -> Negatif | V28: Disimpan, tidak dikirim | Y28: =IF(V28="Dikirim",IF(X28-W28<='Baca Dulu'!$B$15,"Ya","Tidak"),"")
A29: P-0028 | B29: A-7127 | C29: B-7127 | D29: 58 | E29: Belum pernah | F29: Ya | G29: Tidak | H29: Self-swab rumah | I29: 46300.768 | J29: 46300.784 | K29: Ya | L29: NUSA-0031 | M29: LOT-2610B | N29: 42 | S29: 22.6 | T29: =IF(AND(ISNUMBER(S29),S29<='Baca Dulu'!$B$14),"Valid","Invalid") -> Valid | U29: =IF(T29="Invalid","Invalid",IF(OR(AND(ISNUMBER(O29),O29<'Baca Dulu'!$B$13),AND(ISNUMBER(P29),P29<'Baca Dulu'!$B$13)),"Positif 16/18",IF(OR(AND(ISNUMBER(Q29),Q29<'Baca Dulu'!$B$13),AND(ISNUMBER(R29),R29<'Baca Dulu'!$B$13)),"Positif lain","Negatif"))) -> Negatif | V29: Disimpan, tidak dikirim | Y29: =IF(V29="Dikirim",IF(X29-W29<='Baca Dulu'!$B$15,"Ya","Tidak"),"")
A30: P-0029 | B30: A-7128 | C30: B-7128 | D30: 53 | E30: IVA | F30: Tidak | G30: Tidak | H30: Self-swab rumah | I30: 46300.704 | J30: 46300.717 | K30: Ya | L30: NUSA-0044 | M30: LOT-2610B | N30: 51 | S30: 27.5 | T30: =IF(AND(ISNUMBER(S30),S30<='Baca Dulu'!$B$14),"Valid","Invalid") -> Valid | U30: =IF(T30="Invalid","Invalid",IF(OR(AND(ISNUMBER(O30),O30<'Baca Dulu'!$B$13),AND(ISNUMBER(P30),P30<'Baca Dulu'!$B$13)),"Positif 16/18",IF(OR(AND(ISNUMBER(Q30),Q30<'Baca Dulu'!$B$13),AND(ISNUMBER(R30),R30<'Baca Dulu'!$B$13)),"Positif lain","Negatif"))) -> Negatif | V30: Disimpan, tidak dikirim | Y30: =IF(V30="Dikirim",IF(X30-W30<='Baca Dulu'!$B$15,"Ya","Tidak"),"")
A31: P-0030 | B31: A-7129 | C31: B-7129 | D31: 57 | E31: IVA | F31: Ya | G31: Tidak | H31: Self-swab rumah | I31: 46309.455 | J31: 46309.462 | K31: Ya | L31: NUSA-0012 | M31: LOT-2610A | N31: 43 | S31: 27.4 | T31: =IF(AND(ISNUMBER(S31),S31<='Baca Dulu'!$B$14),"Valid","Invalid") -> Valid | U31: =IF(T31="Invalid","Invalid",IF(OR(AND(ISNUMBER(O31),O31<'Baca Dulu'!$B$13),AND(ISNUMBER(P31),P31<'Baca Dulu'!$B$13)),"Positif 16/18",IF(OR(AND(ISNUMBER(Q31),Q31<'Baca Dulu'!$B$13),AND(ISNUMBER(R31),R31<'Baca Dulu'!$B$13)),"Positif lain","Negatif"))) -> Negatif | V31: Disimpan, tidak dikirim | Y31: =IF(V31="Dikirim",IF(X31-W31<='Baca Dulu'!$B$15,"Ya","Tidak"),"")
A32: P-0031 | B32: A-7130 | C32: B-7130 | D32: 39 | E32: Belum pernah | F32: Ya | G32: Tidak | H32: Self-swab rumah | I32: 46301.494 | J32: 46301.512 | K32: Ya | L32: NUSA-0044 | M32: LOT-2610B | N32: 43 | S32: 22.1 | T32: =IF(AND(ISNUMBER(S32),S32<='Baca Dulu'!$B$14),"Valid","Invalid") -> Valid | U32: =IF(T32="Invalid","Invalid",IF(OR(AND(ISNUMBER(O32),O32<'Baca Dulu'!$B$13),AND(ISNUMBER(P32),P32<'Baca Dulu'!$B$13)),"Positif 16/18",IF(OR(AND(ISNUMBER(Q32),Q32<'Baca Dulu'!$B$13),AND(ISNUMBER(R32),R32<'Baca Dulu'!$B$13)),"Positif lain","Negatif"))) -> Negatif | V32: Disimpan, tidak dikirim | Y32: =IF(V32="Dikirim",IF(X32-W32<='Baca Dulu'!$B$15,"Ya","Tidak"),"")
A33: P-0032 | B33: A-7131 | C33: B-7131 | D33: 30 | E33: Pap | F33: Tidak | G33: Tidak | H33: Self-swab rumah | I33: 46303.756 | J33: 46303.779 | K33: Ya | L33: NUSA-0027 | M33: LOT-2610B | N33: 48 | S33: 25.3 | T33: =IF(AND(ISNUMBER(S33),S33<='Baca Dulu'!$B$14),"Valid","Invalid") -> Valid | U33: =IF(T33="Invalid","Invalid",IF(OR(AND(ISNUMBER(O33),O33<'Baca Dulu'!$B$13),AND(ISNUMBER(P33),P33<'Baca Dulu'!$B$13)),"Positif 16/18",IF(OR(AND(ISNUMBER(Q33),Q33<'Baca Dulu'!$B$13),AND(ISNUMBER(R33),R33<'Baca Dulu'!$B$13)),"Positif lain","Negatif"))) -> Negatif | V33: Disimpan, tidak dikirim | Y33: =IF(V33="Dikirim",IF(X33-W33<='Baca Dulu'!$B$15,"Ya","Tidak"),"")
A34: P-0033 | B34: A-7132 | C34: B-7132 | D34: 35 | E34: Pap | F34: Tidak | G34: Tidak | H34: Self-swab rumah | I34: 46306.668 | J34: 46306.694 | K34: Ya | L34: NUSA-0031 | M34: LOT-2610B | N34: 49 | S34: 27.5 | T34: =IF(AND(ISNUMBER(S34),S34<='Baca Dulu'!$B$14),"Valid","Invalid") -> Valid | U34: =IF(T34="Invalid","Invalid",IF(OR(AND(ISNUMBER(O34),O34<'Baca Dulu'!$B$13),AND(ISNUMBER(P34),P34<'Baca Dulu'!$B$13)),"Positif 16/18",IF(OR(AND(ISNUMBER(Q34),Q34<'Baca Dulu'!$B$13),AND(ISNUMBER(R34),R34<'Baca Dulu'!$B$13)),"Positif lain","Negatif"))) -> Negatif | V34: Disimpan, tidak dikirim | Y34: =IF(V34="Dikirim",IF(X34-W34<='Baca Dulu'!$B$15,"Ya","Tidak"),"")
A35: P-0034 | B35: A-7133 | C35: B-7133 | D35: 45 | E35: Belum pernah | F35: Tidak | G35: Tidak | H35: Self-swab rumah | I35: 46309.549 | J35: 46309.571 | K35: Ya | L35: NUSA-0044 | M35: LOT-2610A | N35: 50 | S35: 30.1 | T35: =IF(AND(ISNUMBER(S35),S35<='Baca Dulu'!$B$14),"Valid","Invalid") -> Valid | U35: =IF(T35="Invalid","Invalid",IF(OR(AND(ISNUMBER(O35),O35<'Baca Dulu'!$B$13),AND(ISNUMBER(P35),P35<'Baca Dulu'!$B$13)),"Positif 16/18",IF(OR(AND(ISNUMBER(Q35),Q35<'Baca Dulu'!$B$13),AND(ISNUMBER(R35),R35<'Baca Dulu'!$B$13)),"Positif lain","Negatif"))) -> Negatif | V35: Disimpan, tidak dikirim | Y35: =IF(V35="Dikirim",IF(X35-W35<='Baca Dulu'!$B$15,"Ya","Tidak"),"")
A36: P-0035 | B36: A-7134 | C36: B-7134 | D36: 59 | E36: HPV DNA | F36: Tidak | G36: Tidak | H36: Self-swab rumah | I36: 46309.644 | J36: 46309.65 | K36: Ya | L36: NUSA-0044 | M36: LOT-2610A | N36: 48 | P36: 30.4 | S36: 29.9 | T36: =IF(AND(ISNUMBER(S36),S36<='Baca Dulu'!$B$14),"Valid","Invalid") -> Valid | U36: =IF(T36="Invalid","Invalid",IF(OR(AND(ISNUMBER(O36),O36<'Baca Dulu'!$B$13),AND(ISNUMBER(P36),P36<'Baca Dulu'!$B$13)),"Positif 16/18",IF(OR(AND(ISNUMBER(Q36),Q36<'Baca Dulu'!$B$13),AND(ISNUMBER(R36),R36<'Baca Dulu'!$B$13)),"Positif lain","Negatif"))) -> Positif 16/18 | V36: Dikirim | W36: 46309 | X36: 46312 | Y36: =IF(V36="Dikirim",IF(X36-W36<='Baca Dulu'!$B$15,"Ya","Tidak"),"") -> Ya | Z36: 18 | AA36: Negatif | AB36: Sesuai
A37: P-0036 | B37: A-7135 | C37: B-7135 | D37: 30 | E37: IVA | F37: Tidak tahu | G37: Tidak | H37: Self-swab rumah | I37: 46308.446 | J37: 46308.465 | K37: Ya | L37: NUSA-0031 | M37: LOT-2610B | N37: 50 | S37: 23.8 | T37: =IF(AND(ISNUMBER(S37),S37<='Baca Dulu'!$B$14),"Valid","Invalid") -> Valid | U37: =IF(T37="Invalid","Invalid",IF(OR(AND(ISNUMBER(O37),O37<'Baca Dulu'!$B$13),AND(ISNUMBER(P37),P37<'Baca Dulu'!$B$13)),"Positif 16/18",IF(OR(AND(ISNUMBER(Q37),Q37<'Baca Dulu'!$B$13),AND(ISNUMBER(R37),R37<'Baca Dulu'!$B$13)),"Positif lain","Negatif"))) -> Negatif | V37: Disimpan, tidak dikirim | Y37: =IF(V37="Dikirim",IF(X37-W37<='Baca Dulu'!$B$15,"Ya","Tidak"),"")
A38: P-0037 | B38: A-7136 | C38: B-7136 | D38: 63 | E38: Pap | F38: Ya | G38: Tidak | H38: Self-swab rumah | I38: 46303.505 | J38: 46303.517 | K38: Tidak | L38: NUSA-0031 | M38: LOT-2610A | N38: 46 | S38: 36.2 | T38: =IF(AND(ISNUMBER(S38),S38<='Baca Dulu'!$B$14),"Valid","Invalid") -> Invalid | U38: =IF(T38="Invalid","Invalid",IF(OR(AND(ISNUMBER(O38),O38<'Baca Dulu'!$B$13),AND(ISNUMBER(P38),P38<'Baca Dulu'!$B$13)),"Positif 16/18",IF(OR(AND(ISNUMBER(Q38),Q38<'Baca Dulu'!$B$13),AND(ISNUMBER(R38),R38<'Baca Dulu'!$B$13)),"Positif lain","Negatif"))) -> Invalid | V38: Disimpan, tidak dikirim | Y38: =IF(V38="Dikirim",IF(X38-W38<='Baca Dulu'!$B$15,"Ya","Tidak"),"")
A39: P-0038 | B39: A-7137 | C39: B-7137 | D39: 31 | E39: Belum pernah | F39: Tidak | G39: Tidak | H39: Self-swab rumah | I39: 46301.729 | J39: 46301.742 | K39: Ya | L39: NUSA-0044 | M39: LOT-2610B | N39: 44 | S39: 27.6 | T39: =IF(AND(ISNUMBER(S39),S39<='Baca Dulu'!$B$14),"Valid","Invalid") -> Valid | U39: =IF(T39="Invalid","Invalid",IF(OR(AND(ISNUMBER(O39),O39<'Baca Dulu'!$B$13),AND(ISNUMBER(P39),P39<'Baca Dulu'!$B$13)),"Positif 16/18",IF(OR(AND(ISNUMBER(Q39),Q39<'Baca Dulu'!$B$13),AND(ISNUMBER(R39),R39<'Baca Dulu'!$B$13)),"Positif lain","Negatif"))) -> Negatif | V39: Disimpan, tidak dikirim | Y39: =IF(V39="Dikirim",IF(X39-W39<='Baca Dulu'!$B$15,"Ya","Tidak"),"")
A40: P-0039 | B40: A-7138 | C40: B-7138 | D40: 33 | E40: Belum pernah | F40: Tidak | G40: Tidak | H40: Self-swab rumah | I40: 46300.549 | J40: 46300.556 | K40: Ya | L40: NUSA-0044 | M40: LOT-2610B | N40: 46 | S40: 23.8 | T40: =IF(AND(ISNUMBER(S40),S40<='Baca Dulu'!$B$14),"Valid","Invalid") -> Valid | U40: =IF(T40="Invalid","Invalid",IF(OR(AND(ISNUMBER(O40),O40<'Baca Dulu'!$B$13),AND(ISNUMBER(P40),P40<'Baca Dulu'!$B$13)),"Positif 16/18",IF(OR(AND(ISNUMBER(Q40),Q40<'Baca Dulu'!$B$13),AND(ISNUMBER(R40),R40<'Baca Dulu'!$B$13)),"Positif lain","Negatif"))) -> Negatif | V40: Disimpan, tidak dikirim | Y40: =IF(V40="Dikirim",IF(X40-W40<='Baca Dulu'!$B$15,"Ya","Tidak"),"")
A41: P-0040 | B41: A-7139 | C41: B-7139 | D41: 31 | E41: IVA | F41: Tidak tahu | G41: Tidak | H41: Self-swab rumah | I41: 46301.509 | J41: 46301.526 | K41: Ya | L41: NUSA-0012 | M41: LOT-2610B | N41: 49 | S41: 23.7 | T41: =IF(AND(ISNUMBER(S41),S41<='Baca Dulu'!$B$14),"Valid","Invalid") -> Valid | U41: =IF(T41="Invalid","Invalid",IF(OR(AND(ISNUMBER(O41),O41<'Baca Dulu'!$B$13),AND(ISNUMBER(P41),P41<'Baca Dulu'!$B$13)),"Positif 16/18",IF(OR(AND(ISNUMBER(Q41),Q41<'Baca Dulu'!$B$13),AND(ISNUMBER(R41),R41<'Baca Dulu'!$B$13)),"Positif lain","Negatif"))) -> Negatif | V41: Disimpan, tidak dikirim | Y41: =IF(V41="Dikirim",IF(X41-W41<='Baca Dulu'!$B$15,"Ya","Tidak"),"")
A42: P-0041 | B42: A-7140 | C42: B-7140 | D42: 42 | E42: Belum pernah | F42: Tidak | G42: Tidak | H42: Self-swab rumah | I42: 46304.42 | J42: 46304.434 | K42: Ya | L42: NUSA-0044 | M42: LOT-2610B | N42: 46 | S42: 26.5 | T42: =IF(AND(ISNUMBER(S42),S42<='Baca Dulu'!$B$14),"Valid","Invalid") -> Valid | U42: =IF(T42="Invalid","Invalid",IF(OR(AND(ISNUMBER(O42),O42<'Baca Dulu'!$B$13),AND(ISNUMBER(P42),P42<'Baca Dulu'!$B$13)),"Positif 16/18",IF(OR(AND(ISNUMBER(Q42),Q42<'Baca Dulu'!$B$13),AND(ISNUMBER(R42),R42<'Baca Dulu'!$B$13)),"Positif lain","Negatif"))) -> Negatif | V42: Disimpan, tidak dikirim | Y42: =IF(V42="Dikirim",IF(X42-W42<='Baca Dulu'!$B$15,"Ya","Tidak"),"")
A43: P-0042 | B43: A-7141 | C43: B-7141 | D43: 61 | E43: Belum pernah | F43: Tidak | G43: Tidak | H43: Self-swab rumah | I43: 46308.795 | J43: 46308.822 | K43: Ya | L43: NUSA-0012 | M43: LOT-2610A | N43: 50 | S43: 28.4 | T43: =IF(AND(ISNUMBER(S43),S43<='Baca Dulu'!$B$14),"Valid","Invalid") -> Valid | U43: =IF(T43="Invalid","Invalid",IF(OR(AND(ISNUMBER(O43),O43<'Baca Dulu'!$B$13),AND(ISNUMBER(P43),P43<'Baca Dulu'!$B$13)),"Positif 16/18",IF(OR(AND(ISNUMBER(Q43),Q43<'Baca Dulu'!$B$13),AND(ISNUMBER(R43),R43<'Baca Dulu'!$B$13)),"Positif lain","Negatif"))) -> Negatif | V43: Disimpan, tidak dikirim | Y43: =IF(V43="Dikirim",IF(X43-W43<='Baca Dulu'!$B$15,"Ya","Tidak"),"")
A44: P-0043 | B44: A-7142 | C44: B-7142 | D44: 61 | E44: Belum pernah | F44: Tidak | G44: Tidak | H44: Self-swab rumah | I44: 46309.763 | J44: 46309.784 | K44: Ya | L44: NUSA-0012 | M44: LOT-2610A | N44: 46 | S44: 23.2 | T44: =IF(AND(ISNUMBER(S44),S44<='Baca Dulu'!$B$14),"Valid","Invalid") -> Valid | U44: =IF(T44="Invalid","Invalid",IF(OR(AND(ISNUMBER(O44),O44<'Baca Dulu'!$B$13),AND(ISNUMBER(P44),P44<'Baca Dulu'!$B$13)),"Positif 16/18",IF(OR(AND(ISNUMBER(Q44),Q44<'Baca Dulu'!$B$13),AND(ISNUMBER(R44),R44<'Baca Dulu'!$B$13)),"Positif lain","Negatif"))) -> Negatif | V44: Disimpan, tidak dikirim | Y44: =IF(V44="Dikirim",IF(X44-W44<='Baca Dulu'!$B$15,"Ya","Tidak"),"")
A45: P-0044 | B45: A-7143 | C45: B-7143 | D45: 53 | E45: Pap | F45: Tidak tahu | G45: Tidak | H45: Self-swab rumah | I45: 46309.457 | J45: 46309.473 | K45: Ya | L45: NUSA-0027 | M45: LOT-2610A | N45: 44 | S45: 24.7 | T45: =IF(AND(ISNUMBER(S45),S45<='Baca Dulu'!$B$14),"Valid","Invalid") -> Valid | U45: =IF(T45="Invalid","Invalid",IF(OR(AND(ISNUMBER(O45),O45<'Baca Dulu'!$B$13),AND(ISNUMBER(P45),P45<'Baca Dulu'!$B$13)),"Positif 16/18",IF(OR(AND(ISNUMBER(Q45),Q45<'Baca Dulu'!$B$13),AND(ISNUMBER(R45),R45<'Baca Dulu'!$B$13)),"Positif lain","Negatif"))) -> Negatif | V45: Disimpan, tidak dikirim | Y45: =IF(V45="Dikirim",IF(X45-W45<='Baca Dulu'!$B$15,"Ya","Tidak"),"")
A46: P-0045 | B46: A-7144 | C46: B-7144 | D46: 56 | E46: Belum pernah | F46: Ya | G46: Tidak | H46: Self-swab rumah | I46: 46307.615 | J46: 46307.624 | K46: Ya | L46: NUSA-0031 | M46: LOT-2610A | N46: 44 | P46: 25.3 | S46: 26.4 | T46: =IF(AND(ISNUMBER(S46),S46<='Baca Dulu'!$B$14),"Valid","Invalid") -> Valid | U46: =IF(T46="Invalid","Invalid",IF(OR(AND(ISNUMBER(O46),O46<'Baca Dulu'!$B$13),AND(ISNUMBER(P46),P46<'Baca Dulu'!$B$13)),"Positif 16/18",IF(OR(AND(ISNUMBER(Q46),Q46<'Baca Dulu'!$B$13),AND(ISNUMBER(R46),R46<'Baca Dulu'!$B$13)),"Positif lain","Negatif"))) -> Positif 16/18 | V46: Dikirim | W46: 46308 | X46: 46311 | Y46: =IF(V46="Dikirim",IF(X46-W46<='Baca Dulu'!$B$15,"Ya","Tidak"),"") -> Ya | Z46: 18 | AA46: Negatif | AB46: Sesuai
A47: P-0046 | B47: A-7145 | C47: B-7145 | D47: 48 | E47: IVA | F47: Tidak | G47: Tidak | H47: Self-swab rumah | I47: 46302.415 | J47: 46302.431 | K47: Ya | L47: NUSA-0027 | M47: LOT-2610A | N47: 44 | S47: 27.8 | T47: =IF(AND(ISNUMBER(S47),S47<='Baca Dulu'!$B$14),"Valid","Invalid") -> Valid | U47: =IF(T47="Invalid","Invalid",IF(OR(AND(ISNUMBER(O47),O47<'Baca Dulu'!$B$13),AND(ISNUMBER(P47),P47<'Baca Dulu'!$B$13)),"Positif 16/18",IF(OR(AND(ISNUMBER(Q47),Q47<'Baca Dulu'!$B$13),AND(ISNUMBER(R47),R47<'Baca Dulu'!$B$13)),"Positif lain","Negatif"))) -> Negatif | V47: Disimpan, tidak dikirim | Y47: =IF(V47="Dikirim",IF(X47-W47<='Baca Dulu'!$B$15,"Ya","Tidak"),"")
A48: P-0047 | B48: A-7146 | C48: B-7146 | D48: 53 | E48: Belum pernah | F48: Tidak | G48: Tidak | H48: Self-swab rumah | I48: 46307.562 | J48: 46307.576 | K48: Ya | L48: NUSA-0044 | M48: LOT-2610A | N48: 48 | S48: 24.4 | T48: =IF(AND(ISNUMBER(S48),S48<='Baca Dulu'!$B$14),"Valid","Invalid") -> Valid | U48: =IF(T48="Invalid","Invalid",IF(OR(AND(ISNUMBER(O48),O48<'Baca Dulu'!$B$13),AND(ISNUMBER(P48),P48<'Baca Dulu'!$B$13)),"Positif 16/18",IF(OR(AND(ISNUMBER(Q48),Q48<'Baca Dulu'!$B$13),AND(ISNUMBER(R48),R48<'Baca Dulu'!$B$13)),"Positif lain","Negatif"))) -> Negatif | V48: Disimpan, tidak dikirim | Y48: =IF(V48="Dikirim",IF(X48-W48<='Baca Dulu'!$B$15,"Ya","Tidak"),"")
A49: P-0048 | B49: A-7147 | C49: B-7147 | D49: 53 | E49: Belum pernah | F49: Ya | G49: Tidak | H49: Self-swab rumah | I49: 46303.549 | J49: 46303.566 | K49: Ya | L49: NUSA-0027 | M49: LOT-2610A | N49: 48 | R49: 28.9 | S49: 26.3 | T49: =IF(AND(ISNUMBER(S49),S49<='Baca Dulu'!$B$14),"Valid","Invalid") -> Valid | U49: =IF(T49="Invalid","Invalid",IF(OR(AND(ISNUMBER(O49),O49<'Baca Dulu'!$B$13),AND(ISNUMBER(P49),P49<'Baca Dulu'!$B$13)),"Positif 16/18",IF(OR(AND(ISNUMBER(Q49),Q49<'Baca Dulu'!$B$13),AND(ISNUMBER(R49),R49<'Baca Dulu'!$B$13)),"Positif lain","Negatif"))) -> Positif lain | V49: Dikirim | W49: 46304 | X49: 46306 | Y49: =IF(V49="Dikirim",IF(X49-W49<='Baca Dulu'!$B$15,"Ya","Tidak"),"") -> Ya | Z49: 33 | AA49: Negatif | AB49: Sesuai
A50: P-0049 | B50: A-7148 | C50: B-7148 | D50: 57 | E50: IVA | F50: Tidak | G50: Tidak | H50: Self-swab rumah | I50: 46303.415 | J50: 46303.426 | K50: Ya | L50: NUSA-0031 | M50: LOT-2610A | N50: 47 | S50: 22.5 | T50: =IF(AND(ISNUMBER(S50),S50<='Baca Dulu'!$B$14),"Valid","Invalid") -> Valid | U50: =IF(T50="Invalid","Invalid",IF(OR(AND(ISNUMBER(O50),O50<'Baca Dulu'!$B$13),AND(ISNUMBER(P50),P50<'Baca Dulu'!$B$13)),"Positif 16/18",IF(OR(AND(ISNUMBER(Q50),Q50<'Baca Dulu'!$B$13),AND(ISNUMBER(R50),R50<'Baca Dulu'!$B$13)),"Positif lain","Negatif"))) -> Negatif | V50: Disimpan, tidak dikirim | Y50: =IF(V50="Dikirim",IF(X50-W50<='Baca Dulu'!$B$15,"Ya","Tidak"),"")
A51: P-0050 | B51: A-7149 | C51: B-7149 | D51: 62 | E51: Belum pernah | F51: Tidak tahu | G51: Tidak | H51: Self-swab rumah | I51: 46300.82 | J51: 46300.837 | K51: Ya | L51: NUSA-0044 | M51: LOT-2610A | N51: 49 | S51: 29.2 | T51: =IF(AND(ISNUMBER(S51),S51<='Baca Dulu'!$B$14),"Valid","Invalid") -> Valid | U51: =IF(T51="Invalid","Invalid",IF(OR(AND(ISNUMBER(O51),O51<'Baca Dulu'!$B$13),AND(ISNUMBER(P51),P51<'Baca Dulu'!$B$13)),"Positif 16/18",IF(OR(AND(ISNUMBER(Q51),Q51<'Baca Dulu'!$B$13),AND(ISNUMBER(R51),R51<'Baca Dulu'!$B$13)),"Positif lain","Negatif"))) -> Negatif | V51: Disimpan, tidak dikirim | Y51: =IF(V51="Dikirim",IF(X51-W51<='Baca Dulu'!$B$15,"Ya","Tidak"),"")
A52: P-0051 | B52: A-7150 | C52: B-7150 | D52: 51 | E52: Belum pernah | F52: Tidak tahu | G52: Tidak | H52: Self-swab rumah | I52: 46302.542 | J52: 46302.565 | K52: Ya | L52: NUSA-0031 | M52: LOT-2610A | N52: 52 | S52: 23.3 | T52: =IF(AND(ISNUMBER(S52),S52<='Baca Dulu'!$B$14),"Valid","Invalid") -> Valid | U52: =IF(T52="Invalid","Invalid",IF(OR(AND(ISNUMBER(O52),O52<'Baca Dulu'!$B$13),AND(ISNUMBER(P52),P52<'Baca Dulu'!$B$13)),"Positif 16/18",IF(OR(AND(ISNUMBER(Q52),Q52<'Baca Dulu'!$B$13),AND(ISNUMBER(R52),R52<'Baca Dulu'!$B$13)),"Positif lain","Negatif"))) -> Negatif | V52: Disimpan, tidak dikirim | Y52: =IF(V52="Dikirim",IF(X52-W52<='Baca Dulu'!$B$15,"Ya","Tidak"),"")
A53: P-0052 | B53: A-7151 | C53: B-7151 | D53: 47 | E53: Pap | F53: Tidak | G53: Tidak | H53: Self-swab rumah | I53: 46306.595 | J53: 46306.598 | K53: Ya | L53: NUSA-0012 | M53: LOT-2610A | N53: 38 | S53: 25.9 | T53: =IF(AND(ISNUMBER(S53),S53<='Baca Dulu'!$B$14),"Valid","Invalid") -> Valid | U53: =IF(T53="Invalid","Invalid",IF(OR(AND(ISNUMBER(O53),O53<'Baca Dulu'!$B$13),AND(ISNUMBER(P53),P53<'Baca Dulu'!$B$13)),"Positif 16/18",IF(OR(AND(ISNUMBER(Q53),Q53<'Baca Dulu'!$B$13),AND(ISNUMBER(R53),R53<'Baca Dulu'!$B$13)),"Positif lain","Negatif"))) -> Negatif | V53: Disimpan, tidak dikirim | Y53: =IF(V53="Dikirim",IF(X53-W53<='Baca Dulu'!$B$15,"Ya","Tidak"),"")
A54: P-0053 | B54: A-7152 | C54: B-7152 | D54: 41 | E54: Belum pernah | F54: Tidak tahu | G54: Tidak | H54: Self-swab rumah | I54: 46308.687 | J54: 46308.713 | K54: Ya | L54: NUSA-0027 | M54: LOT-2610B | N54: 44 | S54: 29.9 | T54: =IF(AND(ISNUMBER(S54),S54<='Baca Dulu'!$B$14),"Valid","Invalid") -> Valid | U54: =IF(T54="Invalid","Invalid",IF(OR(AND(ISNUMBER(O54),O54<'Baca Dulu'!$B$13),AND(ISNUMBER(P54),P54<'Baca Dulu'!$B$13)),"Positif 16/18",IF(OR(AND(ISNUMBER(Q54),Q54<'Baca Dulu'!$B$13),AND(ISNUMBER(R54),R54<'Baca Dulu'!$B$13)),"Positif lain","Negatif"))) -> Negatif | V54: Disimpan, tidak dikirim | Y54: =IF(V54="Dikirim",IF(X54-W54<='Baca Dulu'!$B$15,"Ya","Tidak"),"")
A55: P-0054 | B55: A-7153 | C55: B-7153 | D55: 62 | E55: Belum pernah | F55: Tidak | G55: Tidak | H55: Self-swab rumah | I55: 46309.779 | J55: 46309.786 | K55: Ya | L55: NUSA-0012 | M55: LOT-2610A | N55: 45 | R55: 25.3 | S55: 26.4 | T55: =IF(AND(ISNUMBER(S55),S55<='Baca Dulu'!$B$14),"Valid","Invalid") -> Valid | U55: =IF(T55="Invalid","Invalid",IF(OR(AND(ISNUMBER(O55),O55<'Baca Dulu'!$B$13),AND(ISNUMBER(P55),P55<'Baca Dulu'!$B$13)),"Positif 16/18",IF(OR(AND(ISNUMBER(Q55),Q55<'Baca Dulu'!$B$13),AND(ISNUMBER(R55),R55<'Baca Dulu'!$B$13)),"Positif lain","Negatif"))) -> Positif lain | V55: Dikirim | W55: 46310 | X55: 46313 | Y55: =IF(V55="Dikirim",IF(X55-W55<='Baca Dulu'!$B$15,"Ya","Tidak"),"") -> Ya | Z55: 51 | AA55: Negatif | AB55: Sesuai
A56: P-0055 | B56: A-7154 | C56: B-7154 | D56: 52 | E56: Pap | F56: Tidak | G56: Tidak | H56: Self-swab rumah | I56: 46307.674 | J56: 46307.693 | K56: Ya | L56: NUSA-0044 | M56: LOT-2610A | N56: 40 | S56: 26 | T56: =IF(AND(ISNUMBER(S56),S56<='Baca Dulu'!$B$14),"Valid","Invalid") -> Valid | U56: =IF(T56="Invalid","Invalid",IF(OR(AND(ISNUMBER(O56),O56<'Baca Dulu'!$B$13),AND(ISNUMBER(P56),P56<'Baca Dulu'!$B$13)),"Positif 16/18",IF(OR(AND(ISNUMBER(Q56),Q56<'Baca Dulu'!$B$13),AND(ISNUMBER(R56),R56<'Baca Dulu'!$B$13)),"Positif lain","Negatif"))) -> Negatif | V56: Disimpan, tidak dikirim | Y56: =IF(V56="Dikirim",IF(X56-W56<='Baca Dulu'!$B$15,"Ya","Tidak"),"")
A57: P-0056 | B57: A-7155 | C57: B-7155 | D57: 63 | E57: Belum pernah | F57: Ya | G57: Tidak | H57: Self-swab rumah | I57: 46303.43 | J57: 46303.452 | K57: Tidak | L57: NUSA-0027 | M57: LOT-2610B | N57: 49 | Q57: 27.1 | S57: 25.2 | T57: =IF(AND(ISNUMBER(S57),S57<='Baca Dulu'!$B$14),"Valid","Invalid") -> Valid | U57: =IF(T57="Invalid","Invalid",IF(OR(AND(ISNUMBER(O57),O57<'Baca Dulu'!$B$13),AND(ISNUMBER(P57),P57<'Baca Dulu'!$B$13)),"Positif 16/18",IF(OR(AND(ISNUMBER(Q57),Q57<'Baca Dulu'!$B$13),AND(ISNUMBER(R57),R57<'Baca Dulu'!$B$13)),"Positif lain","Negatif"))) -> Positif lain | V57: Dikirim | W57: 46304 | X57: 46313 | Y57: =IF(V57="Dikirim",IF(X57-W57<='Baca Dulu'!$B$15,"Ya","Tidak"),"") -> Tidak | Z57: 52 | AA57: Belum diuji | AB57: Sesuai
A58: P-0057 | B58: A-7156 | C58: B-7156 | D58: 42 | E58: Belum pernah | F58: Ya | G58: Tidak | H58: Self-swab rumah | I58: 46303.684 | J58: 46303.711 | K58: Ya | L58: NUSA-0027 | M58: LOT-2610A | N58: 41 | S58: 25.8 | T58: =IF(AND(ISNUMBER(S58),S58<='Baca Dulu'!$B$14),"Valid","Invalid") -> Valid | U58: =IF(T58="Invalid","Invalid",IF(OR(AND(ISNUMBER(O58),O58<'Baca Dulu'!$B$13),AND(ISNUMBER(P58),P58<'Baca Dulu'!$B$13)),"Positif 16/18",IF(OR(AND(ISNUMBER(Q58),Q58<'Baca Dulu'!$B$13),AND(ISNUMBER(R58),R58<'Baca Dulu'!$B$13)),"Positif lain","Negatif"))) -> Negatif | V58: Disimpan, tidak dikirim | Y58: =IF(V58="Dikirim",IF(X58-W58<='Baca Dulu'!$B$15,"Ya","Tidak"),"")
A59: P-0058 | B59: A-7157 | C59: B-7157 | D59: 39 | E59: Belum pernah | F59: Tidak tahu | G59: Tidak | H59: Self-swab rumah | I59: 46304.784 | J59: 46304.792 | K59: Ya | L59: NUSA-0031 | M59: LOT-2610B | N59: 45 | S59: 29.2 | T59: =IF(AND(ISNUMBER(S59),S59<='Baca Dulu'!$B$14),"Valid","Invalid") -> Valid | U59: =IF(T59="Invalid","Invalid",IF(OR(AND(ISNUMBER(O59),O59<'Baca Dulu'!$B$13),AND(ISNUMBER(P59),P59<'Baca Dulu'!$B$13)),"Positif 16/18",IF(OR(AND(ISNUMBER(Q59),Q59<'Baca Dulu'!$B$13),AND(ISNUMBER(R59),R59<'Baca Dulu'!$B$13)),"Positif lain","Negatif"))) -> Negatif | V59: Disimpan, tidak dikirim | Y59: =IF(V59="Dikirim",IF(X59-W59<='Baca Dulu'!$B$15,"Ya","Tidak"),"")
A60: P-0059 | B60: A-7158 | C60: B-7158 | D60: 43 | E60: Belum pernah | F60: Ya | G60: Tidak | H60: Self-swab rumah | I60: 46302.449 | J60: 46302.474 | K60: Tidak | L60: NUSA-0027 | M60: LOT-2610A | N60: 48 | S60: 36.3 | T60: =IF(AND(ISNUMBER(S60),S60<='Baca Dulu'!$B$14),"Valid","Invalid") -> Invalid | U60: =IF(T60="Invalid","Invalid",IF(OR(AND(ISNUMBER(O60),O60<'Baca Dulu'!$B$13),AND(ISNUMBER(P60),P60<'Baca Dulu'!$B$13)),"Positif 16/18",IF(OR(AND(ISNUMBER(Q60),Q60<'Baca Dulu'!$B$13),AND(ISNUMBER(R60),R60<'Baca Dulu'!$B$13)),"Positif lain","Negatif"))) -> Invalid | V60: Disimpan, tidak dikirim | Y60: =IF(V60="Dikirim",IF(X60-W60<='Baca Dulu'!$B$15,"Ya","Tidak"),"")
A61: P-0060 | B61: A-7159 | C61: B-7159 | D61: 61 | E61: Belum pernah | F61: Tidak tahu | G61: Tidak | H61: Self-swab rumah | I61: 46308.726 | J61: 46308.728 | K61: Tidak | L61: NUSA-0031 | M61: LOT-2610A | N61: 40 | S61: 25.5 | T61: =IF(AND(ISNUMBER(S61),S61<='Baca Dulu'!$B$14),"Valid","Invalid") -> Valid | U61: =IF(T61="Invalid","Invalid",IF(OR(AND(ISNUMBER(O61),O61<'Baca Dulu'!$B$13),AND(ISNUMBER(P61),P61<'Baca Dulu'!$B$13)),"Positif 16/18",IF(OR(AND(ISNUMBER(Q61),Q61<'Baca Dulu'!$B$13),AND(ISNUMBER(R61),R61<'Baca Dulu'!$B$13)),"Positif lain","Negatif"))) -> Negatif | V61: Disimpan, tidak dikirim | Y61: =IF(V61="Dikirim",IF(X61-W61<='Baca Dulu'!$B$15,"Ya","Tidak"),"")

Sheet 3 Mock CerviScan
A1: Contoh bentuk ekspor mesin qPCR terbuka (mis. CFX/ABI) untuk CerviScan HPV-hr: satu baris per sumur per target. Nama kanal di kolom D adalah contoh, bukan spesifikasi resmi.
A2: Well | B2: Sample | C2: Target | D2: Kanal (contoh) | E2: Cq | F2: id_perempuan | G2: lab | H2: tgl_run
A3: A01 | B3: CS-26-3400 | C3: HPV16 | D3: Kanal 1 | E3: N/A | F3: P-0061 | G3: Labkesda DKI | H3: 46306
A4: A01 | B4: CS-26-3400 | C4: HPV18 | D4: Kanal 2 | E4: N/A | F4: P-0061 | G4: Labkesda DKI | H4: 46306
A5: A01 | B5: CS-26-3400 | C5: HPV52 | D5: Kanal 3 | E5: N/A | F5: P-0061 | G5: Labkesda DKI | H5: 46306
A6: A01 | B6: CS-26-3400 | C6: HR lain (11 tipe) | D6: Kanal 4 | E6: N/A | F6: P-0061 | G6: Labkesda DKI | H6: 46306
A7: A01 | B7: CS-26-3400 | C7: Beta-globin (IC) | D7: Kanal 5 | E7: 24.9 | F7: P-0061 | G7: Labkesda DKI | H7: 46306
A8: B01 | B8: CS-26-3401 | C8: HPV16 | D8: Kanal 1 | E8: N/A | F8: P-0062 | G8: Labkesda DKI | H8: 46306
A9: B01 | B9: CS-26-3401 | C9: HPV18 | D9: Kanal 2 | E9: N/A | F9: P-0062 | G9: Labkesda DKI | H9: 46306
A10: B01 | B10: CS-26-3401 | C10: HPV52 | D10: Kanal 3 | E10: N/A | F10: P-0062 | G10: Labkesda DKI | H10: 46306
A11: B01 | B11: CS-26-3401 | C11: HR lain (11 tipe) | D11: Kanal 4 | E11: N/A | F11: P-0062 | G11: Labkesda DKI | H11: 46306
A12: B01 | B12: CS-26-3401 | C12: Beta-globin (IC) | D12: Kanal 5 | E12: 26.9 | F12: P-0062 | G12: Labkesda DKI | H12: 46306
A13: C01 | B13: CS-26-3402 | C13: HPV16 | D13: Kanal 1 | E13: N/A | F13: P-0063 | G13: Labkesda DKI | H13: 46304
A14: C01 | B14: CS-26-3402 | C14: HPV18 | D14: Kanal 2 | E14: N/A | F14: P-0063 | G14: Labkesda DKI | H14: 46304
A15: C01 | B15: CS-26-3402 | C15: HPV52 | D15: Kanal 3 | E15: N/A | F15: P-0063 | G15: Labkesda DKI | H15: 46304
A16: C01 | B16: CS-26-3402 | C16: HR lain (11 tipe) | D16: Kanal 4 | E16: N/A | F16: P-0063 | G16: Labkesda DKI | H16: 46304
A17: C01 | B17: CS-26-3402 | C17: Beta-globin (IC) | D17: Kanal 5 | E17: 25.9 | F17: P-0063 | G17: Labkesda DKI | H17: 46304
A18: D01 | B18: CS-26-3403 | C18: HPV16 | D18: Kanal 1 | E18: N/A | F18: P-0064 | G18: Labkesda DKI | H18: 46310
A19: D01 | B19: CS-26-3403 | C19: HPV18 | D19: Kanal 2 | E19: N/A | F19: P-0064 | G19: Labkesda DKI | H19: 46310
A20: D01 | B20: CS-26-3403 | C20: HPV52 | D20: Kanal 3 | E20: N/A | F20: P-0064 | G20: Labkesda DKI | H20: 46310
A21: D01 | B21: CS-26-3403 | C21: HR lain (11 tipe) | D21: Kanal 4 | E21: N/A | F21: P-0064 | G21: Labkesda DKI | H21: 46310
A22: D01 | B22: CS-26-3403 | C22: Beta-globin (IC) | D22: Kanal 5 | E22: 29.5 | F22: P-0064 | G22: Labkesda DKI | H22: 46310
A23: E01 | B23: CS-26-3404 | C23: HPV16 | D23: Kanal 1 | E23: N/A | F23: P-0065 | G23: Labkesda DKI | H23: 46305
A24: E01 | B24: CS-26-3404 | C24: HPV18 | D24: Kanal 2 | E24: N/A | F24: P-0065 | G24: Labkesda DKI | H24: 46305
A25: E01 | B25: CS-26-3404 | C25: HPV52 | D25: Kanal 3 | E25: N/A | F25: P-0065 | G25: Labkesda DKI | H25: 46305
A26: E01 | B26: CS-26-3404 | C26: HR lain (11 tipe) | D26: Kanal 4 | E26: N/A | F26: P-0065 | G26: Labkesda DKI | H26: 46305
A27: E01 | B27: CS-26-3404 | C27: Beta-globin (IC) | D27: Kanal 5 | E27: 29.6 | F27: P-0065 | G27: Labkesda DKI | H27: 46305
A28: F01 | B28: CS-26-3405 | C28: HPV16 | D28: Kanal 1 | E28: N/A | F28: P-0066 | G28: Lab RSUD Pasar Minggu | H28: 46313
A29: F01 | B29: CS-26-3405 | C29: HPV18 | D29: Kanal 2 | E29: N/A | F29: P-0066 | G29: Lab RSUD Pasar Minggu | H29: 46313
A30: F01 | B30: CS-26-3405 | C30: HPV52 | D30: Kanal 3 | E30: N/A | F30: P-0066 | G30: Lab RSUD Pasar Minggu | H30: 46313
A31: F01 | B31: CS-26-3405 | C31: HR lain (11 tipe) | D31: Kanal 4 | E31: N/A | F31: P-0066 | G31: Lab RSUD Pasar Minggu | H31: 46313
A32: F01 | B32: CS-26-3405 | C32: Beta-globin (IC) | D32: Kanal 5 | E32: 29.8 | F32: P-0066 | G32: Lab RSUD Pasar Minggu | H32: 46313
A33: G01 | B33: CS-26-3406 | C33: HPV16 | D33: Kanal 1 | E33: N/A | F33: P-0067 | G33: Lab RSUD Pasar Minggu | H33: 46306
A34: G01 | B34: CS-26-3406 | C34: HPV18 | D34: Kanal 2 | E34: N/A | F34: P-0067 | G34: Lab RSUD Pasar Minggu | H34: 46306
A35: G01 | B35: CS-26-3406 | C35: HPV52 | D35: Kanal 3 | E35: N/A | F35: P-0067 | G35: Lab RSUD Pasar Minggu | H35: 46306
A36: G01 | B36: CS-26-3406 | C36: HR lain (11 tipe) | D36: Kanal 4 | E36: N/A | F36: P-0067 | G36: Lab RSUD Pasar Minggu | H36: 46306
A37: G01 | B37: CS-26-3406 | C37: Beta-globin (IC) | D37: Kanal 5 | E37: 28.1 | F37: P-0067 | G37: Lab RSUD Pasar Minggu | H37: 46306
A38: H01 | B38: CS-26-3407 | C38: HPV16 | D38: Kanal 1 | E38: N/A | F38: P-0068 | G38: Labkesda DKI | H38: 46311
A39: H01 | B39: CS-26-3407 | C39: HPV18 | D39: Kanal 2 | E39: N/A | F39: P-0068 | G39: Labkesda DKI | H39: 46311
A40: H01 | B40: CS-26-3407 | C40: HPV52 | D40: Kanal 3 | E40: N/A | F40: P-0068 | G40: Labkesda DKI | H40: 46311
A41: H01 | B41: CS-26-3407 | C41: HR lain (11 tipe) | D41: Kanal 4 | E41: 23.5 | F41: P-0068 | G41: Labkesda DKI | H41: 46311
A42: H01 | B42: CS-26-3407 | C42: Beta-globin (IC) | D42: Kanal 5 | E42: 27.6 | F42: P-0068 | G42: Labkesda DKI | H42: 46311
A43: A02 | B43: CS-26-3408 | C43: HPV16 | D43: Kanal 1 | E43: N/A | F43: P-0069 | G43: Labkesda DKI | H43: 46310
A44: A02 | B44: CS-26-3408 | C44: HPV18 | D44: Kanal 2 | E44: N/A | F44: P-0069 | G44: Labkesda DKI | H44: 46310
A45: A02 | B45: CS-26-3408 | C45: HPV52 | D45: Kanal 3 | E45: N/A | F45: P-0069 | G45: Labkesda DKI | H45: 46310
A46: A02 | B46: CS-26-3408 | C46: HR lain (11 tipe) | D46: Kanal 4 | E46: N/A | F46: P-0069 | G46: Labkesda DKI | H46: 46310
A47: A02 | B47: CS-26-3408 | C47: Beta-globin (IC) | D47: Kanal 5 | E47: 27.4 | F47: P-0069 | G47: Labkesda DKI | H47: 46310
A48: B02 | B48: CS-26-3409 | C48: HPV16 | D48: Kanal 1 | E48: N/A | F48: P-0070 | G48: Lab RSUD Pasar Minggu | H48: 46310
A49: B02 | B49: CS-26-3409 | C49: HPV18 | D49: Kanal 2 | E49: N/A | F49: P-0070 | G49: Lab RSUD Pasar Minggu | H49: 46310
A50: B02 | B50: CS-26-3409 | C50: HPV52 | D50: Kanal 3 | E50: N/A | F50: P-0070 | G50: Lab RSUD Pasar Minggu | H50: 46310
A51: B02 | B51: CS-26-3409 | C51: HR lain (11 tipe) | D51: Kanal 4 | E51: N/A | F51: P-0070 | G51: Lab RSUD Pasar Minggu | H51: 46310
A52: B02 | B52: CS-26-3409 | C52: Beta-globin (IC) | D52: Kanal 5 | E52: 26.2 | F52: P-0070 | G52: Lab RSUD Pasar Minggu | H52: 46310
A53: C02 | B53: CS-26-3410 | C53: HPV16 | D53: Kanal 1 | E53: N/A | F53: P-0071 | G53: Labkesda DKI | H53: 46305
A54: C02 | B54: CS-26-3410 | C54: HPV18 | D54: Kanal 2 | E54: N/A | F54: P-0071 | G54: Labkesda DKI | H54: 46305
A55: C02 | B55: CS-26-3410 | C55: HPV52 | D55: Kanal 3 | E55: N/A | F55: P-0071 | G55: Labkesda DKI | H55: 46305
A56: C02 | B56: CS-26-3410 | C56: HR lain (11 tipe) | D56: Kanal 4 | E56: N/A | F56: P-0071 | G56: Labkesda DKI | H56: 46305
A57: C02 | B57: CS-26-3410 | C57: Beta-globin (IC) | D57: Kanal 5 | E57: 36.9 | F57: P-0071 | G57: Labkesda DKI | H57: 46305
A58: D02 | B58: CS-26-3411 | C58: HPV16 | D58: Kanal 1 | E58: N/A | F58: P-0072 | G58: Labkesda DKI | H58: 46306
A59: D02 | B59: CS-26-3411 | C59: HPV18 | D59: Kanal 2 | E59: N/A | F59: P-0072 | G59: Labkesda DKI | H59: 46306
A60: D02 | B60: CS-26-3411 | C60: HPV52 | D60: Kanal 3 | E60: N/A | F60: P-0072 | G60: Labkesda DKI | H60: 46306
A61: D02 | B61: CS-26-3411 | C61: HR lain (11 tipe) | D61: Kanal 4 | E61: N/A | F61: P-0072 | G61: Labkesda DKI | H61: 46306
A62: D02 | B62: CS-26-3411 | C62: Beta-globin (IC) | D62: Kanal 5 | E62: 29.7 | F62: P-0072 | G62: Labkesda DKI | H62: 46306
A63: E02 | B63: CS-26-3412 | C63: HPV16 | D63: Kanal 1 | E63: 24.4 | F63: P-0073 | G63: Lab RSUD Pasar Minggu | H63: 46307
A64: E02 | B64: CS-26-3412 | C64: HPV18 | D64: Kanal 2 | E64: N/A | F64: P-0073 | G64: Lab RSUD Pasar Minggu | H64: 46307
A65: E02 | B65: CS-26-3412 | C65: HPV52 | D65: Kanal 3 | E65: N/A | F65: P-0073 | G65: Lab RSUD Pasar Minggu | H65: 46307
A66: E02 | B66: CS-26-3412 | C66: HR lain (11 tipe) | D66: Kanal 4 | E66: N/A | F66: P-0073 | G66: Lab RSUD Pasar Minggu | H66: 46307
A67: E02 | B67: CS-26-3412 | C67: Beta-globin (IC) | D67: Kanal 5 | E67: 26.8 | F67: P-0073 | G67: Lab RSUD Pasar Minggu | H67: 46307
A68: F02 | B68: CS-26-3413 | C68: HPV16 | D68: Kanal 1 | E68: N/A | F68: P-0074 | G68: Labkesda DKI | H68: 46305
A69: F02 | B69: CS-26-3413 | C69: HPV18 | D69: Kanal 2 | E69: N/A | F69: P-0074 | G69: Labkesda DKI | H69: 46305
A70: F02 | B70: CS-26-3413 | C70: HPV52 | D70: Kanal 3 | E70: N/A | F70: P-0074 | G70: Labkesda DKI | H70: 46305
A71: F02 | B71: CS-26-3413 | C71: HR lain (11 tipe) | D71: Kanal 4 | E71: N/A | F71: P-0074 | G71: Labkesda DKI | H71: 46305
A72: F02 | B72: CS-26-3413 | C72: Beta-globin (IC) | D72: Kanal 5 | E72: 26.6 | F72: P-0074 | G72: Labkesda DKI | H72: 46305
A73: G02 | B73: CS-26-3414 | C73: HPV16 | D73: Kanal 1 | E73: N/A | F73: P-0075 | G73: Labkesda DKI | H73: 46313
A74: G02 | B74: CS-26-3414 | C74: HPV18 | D74: Kanal 2 | E74: N/A | F74: P-0075 | G74: Labkesda DKI | H74: 46313
A75: G02 | B75: CS-26-3414 | C75: HPV52 | D75: Kanal 3 | E75: N/A | F75: P-0075 | G75: Labkesda DKI | H75: 46313
A76: G02 | B76: CS-26-3414 | C76: HR lain (11 tipe) | D76: Kanal 4 | E76: N/A | F76: P-0075 | G76: Labkesda DKI | H76: 46313
A77: G02 | B77: CS-26-3414 | C77: Beta-globin (IC) | D77: Kanal 5 | E77: 37 | F77: P-0075 | G77: Labkesda DKI | H77: 46313
A78: H02 | B78: CS-26-3415 | C78: HPV16 | D78: Kanal 1 | E78: N/A | F78: P-0076 | G78: Lab RSUD Pasar Minggu | H78: 46308
A79: H02 | B79: CS-26-3415 | C79: HPV18 | D79: Kanal 2 | E79: N/A | F79: P-0076 | G79: Lab RSUD Pasar Minggu | H79: 46308
A80: H02 | B80: CS-26-3415 | C80: HPV52 | D80: Kanal 3 | E80: 31.3 | F80: P-0076 | G80: Lab RSUD Pasar Minggu | H80: 46308
A81: H02 | B81: CS-26-3415 | C81: HR lain (11 tipe) | D81: Kanal 4 | E81: N/A | F81: P-0076 | G81: Lab RSUD Pasar Minggu | H81: 46308
A82: H02 | B82: CS-26-3415 | C82: Beta-globin (IC) | D82: Kanal 5 | E82: 23 | F82: P-0076 | G82: Lab RSUD Pasar Minggu | H82: 46308
A83: A03 | B83: CS-26-3416 | C83: HPV16 | D83: Kanal 1 | E83: N/A | F83: P-0077 | G83: Labkesda DKI | H83: 46305
A84: A03 | B84: CS-26-3416 | C84: HPV18 | D84: Kanal 2 | E84: N/A | F84: P-0077 | G84: Labkesda DKI | H84: 46305
A85: A03 | B85: CS-26-3416 | C85: HPV52 | D85: Kanal 3 | E85: N/A | F85: P-0077 | G85: Labkesda DKI | H85: 46305
A86: A03 | B86: CS-26-3416 | C86: HR lain (11 tipe) | D86: Kanal 4 | E86: N/A | F86: P-0077 | G86: Labkesda DKI | H86: 46305
A87: A03 | B87: CS-26-3416 | C87: Beta-globin (IC) | D87: Kanal 5 | E87: 30.2 | F87: P-0077 | G87: Labkesda DKI | H87: 46305
A88: B03 | B88: CS-26-3417 | C88: HPV16 | D88: Kanal 1 | E88: N/A | F88: P-0078 | G88: Labkesda DKI | H88: 46311
A89: B03 | B89: CS-26-3417 | C89: HPV18 | D89: Kanal 2 | E89: N/A | F89: P-0078 | G89: Labkesda DKI | H89: 46311
A90: B03 | B90: CS-26-3417 | C90: HPV52 | D90: Kanal 3 | E90: N/A | F90: P-0078 | G90: Labkesda DKI | H90: 46311
A91: B03 | B91: CS-26-3417 | C91: HR lain (11 tipe) | D91: Kanal 4 | E91: N/A | F91: P-0078 | G91: Labkesda DKI | H91: 46311
A92: B03 | B92: CS-26-3417 | C92: Beta-globin (IC) | D92: Kanal 5 | E92: 24.9 | F92: P-0078 | G92: Labkesda DKI | H92: 46311
A93: C03 | B93: CS-26-3418 | C93: HPV16 | D93: Kanal 1 | E93: N/A | F93: P-0079 | G93: Lab RSUD Pasar Minggu | H93: 46309
A94: C03 | B94: CS-26-3418 | C94: HPV18 | D94: Kanal 2 | E94: N/A | F94: P-0079 | G94: Lab RSUD Pasar Minggu | H94: 46309
A95: C03 | B95: CS-26-3418 | C95: HPV52 | D95: Kanal 3 | E95: N/A | F95: P-0079 | G95: Lab RSUD Pasar Minggu | H95: 46309
A96: C03 | B96: CS-26-3418 | C96: HR lain (11 tipe) | D96: Kanal 4 | E96: 23.1 | F96: P-0079 | G96: Lab RSUD Pasar Minggu | H96: 46309
A97: C03 | B97: CS-26-3418 | C97: Beta-globin (IC) | D97: Kanal 5 | E97: 25.4 | F97: P-0079 | G97: Lab RSUD Pasar Minggu | H97: 46309
A98: D03 | B98: CS-26-3419 | C98: HPV16 | D98: Kanal 1 | E98: N/A | F98: P-0080 | G98: Lab RSUD Pasar Minggu | H98: 46308
A99: D03 | B99: CS-26-3419 | C99: HPV18 | D99: Kanal 2 | E99: N/A | F99: P-0080 | G99: Lab RSUD Pasar Minggu | H99: 46308
A100: D03 | B100: CS-26-3419 | C100: HPV52 | D100: Kanal 3 | E100: N/A | F100: P-0080 | G100: Lab RSUD Pasar Minggu | H100: 46308
...

Sheet 4 Mock cobas
A1: Contoh bentuk laporan hasil cobas HPV: kategori per target. Kolom Ct ditulis 'Perlu cek' karena ketersediaannya untuk pengguna belum terkonfirmasi.
A2: Sample ID | B2: id_perempuan | C2: HPV16 | D2: HPV18 | E2: Other HR (12 tipe) | F2: Validity | G2: Ct (semua kanal) | H2: lab | I2: tgl_run
A3: CB-26-8800 | B3: P-0121 | C3: NEG | D3: NEG | E3: NEG | F3: Valid | G3: Perlu cek | H3: Labkesda Surabaya (hub) | I3: 46313
A4: CB-26-8801 | B4: P-0122 | C4: NEG | D4: NEG | E4: NEG | F4: Valid | G4: Perlu cek | H4: Lab hub DKI (contoh) | I4: 46306
A5: CB-26-8802 | B5: P-0123 | C5: NEG | D5: NEG | E5: NEG | F5: Valid | G5: Perlu cek | H5: Lab hub DKI (contoh) | I5: 46305
A6: CB-26-8803 | B6: P-0124 | C6: POS | D6: NEG | E6: NEG | F6: Valid | G6: Perlu cek | H6: Labkesda Surabaya (hub) | I6: 46304
A7: CB-26-8804 | B7: P-0125 | C7: NEG | D7: NEG | E7: NEG | F7: Valid | G7: Perlu cek | H7: Lab hub DKI (contoh) | I7: 46306
A8: CB-26-8805 | B8: P-0126 | C8: NEG | D8: NEG | E8: NEG | F8: Valid | G8: Perlu cek | H8: Lab hub DKI (contoh) | I8: 46304
A9: CB-26-8806 | B9: P-0127 | C9: NEG | D9: NEG | E9: NEG | F9: Valid | G9: Perlu cek | H9: Labkesda Surabaya (hub) | I9: 46313
A10: CB-26-8807 | B10: P-0128 | C10: NEG | D10: NEG | E10: POS | F10: Valid | G10: Perlu cek | H10: Lab hub DKI (contoh) | I10: 46313
A11: CB-26-8808 | B11: P-0129 | C11: Invalid | D11: Invalid | E11: Invalid | F11: Invalid | G11: Perlu cek | H11: Lab hub DKI (contoh) | I11: 46312
A12: CB-26-8809 | B12: P-0130 | C12: NEG | D12: NEG | E12: NEG | F12: Valid | G12: Perlu cek | H12: Labkesda Surabaya (hub) | I12: 46309
A13: CB-26-8810 | B13: P-0131 | C13: NEG | D13: NEG | E13: NEG | F13: Valid | G13: Perlu cek | H13: Lab hub DKI (contoh) | I13: 46310
A14: CB-26-8811 | B14: P-0132 | C14: NEG | D14: NEG | E14: NEG | F14: Valid | G14: Perlu cek | H14: Lab hub DKI (contoh) | I14: 46315
... A62: CB-26-8859 | B62: P-0180 | C62: NEG | D62: NEG | E62: NEG | F62: Valid | G62: Perlu cek | H62: Lab hub DKI (contoh) | I62: 46311

Sheet 5 Format Standar
A1: Hasil adapter software: semua sampel dari tiga alat dalam satu format. Semua kolom berwarna hitam adalah rumus yang menarik data dari sheet 2, 3, dan 4.
A2: sumber_alat | B2: id_sampel | C2: id_perempuan | D2: ct_hpv16 | E2: ct_hpv18 | F2: ct_hpv52 | G2: ct_pool_lain | H2: ct_kontrol_internal | I2: hasil_16 | J2: hasil_18 | K2: hasil_lain (52+pool) | L2: valid | M2: kategori_kemenkes | N2: delta_ct | O2: tgl_hasil | P2: kelengkapan_data
A3: NUSA HPV | B3: ='2 Mock NUSA'!B2 -> A-7100 | C3: ='2 Mock NUSA'!A2 -> P-0001 | D3: =IF(ISNUMBER('2 Mock NUSA'!O2),'2 Mock NUSA'!O2,"") | E3: =IF(ISNUMBER('2 Mock NUSA'!P2),'2 Mock NUSA'!P2,"") | F3: =IF(ISNUMBER('2 Mock NUSA'!Q2),'2 Mock NUSA'!Q2,"") | G3: =IF(ISNUMBER('2 Mock NUSA'!R2),'2 Mock NUSA'!R2,"") | H3: =IF(ISNUMBER('2 Mock NUSA'!S2),'2 Mock NUSA'!S2,"") -> 22.9 | I3: =IF(L3="Tidak","Invalid",IF(AND(ISNUMBER(D3),D3<'Baca Dulu'!$B$13),"Positif","Negatif")) -> Negatif | J3: =IF(L3="Tidak","Invalid",IF(AND(ISNUMBER(E3),E3<'Baca Dulu'!$B$13),"Positif","Negatif")) -> Negatif | K3: =IF(L3="Tidak","Invalid",IF(OR(AND(ISNUMBER(F3),F3<'Baca Dulu'!$B$13),AND(ISNUMBER(G3),G3<'Baca Dulu'!$B$13)),"Positif","Negatif")) -> Negatif | L3: =IF(AND(ISNUMBER(H3),H3<='Baca Dulu'!$B$14),"Ya","Tidak") -> Ya | M3: =IF(L3="Tidak","Invalid",IF(OR(I3="Positif",J3="Positif"),"Positif 16/18",IF(K3="Positif","Positif lain","Negatif"))) -> Negatif | N3: =IF(AND(L3="Ya",COUNT(D3:G3)>0),MIN(D3:G3)-H3,"") | O3: =INT('2 Mock NUSA'!J2) -> 46300 | P3: Lengkap: Ct + kurva + pra-analitik + cabang B
A4: NUSA HPV | B4: ='2 Mock NUSA'!B3 -> A-7101 | C4: ='2 Mock NUSA'!A3 -> P-0002 | D4: =IF(ISNUMBER('2 Mock NUSA'!O3),'2 Mock NUSA'!O3,"") | E4: =IF(ISNUMBER('2 Mock NUSA'!P3),'2 Mock NUSA'!P3,"") | F4: =IF(ISNUMBER('2 Mock NUSA'!Q3),'2 Mock NUSA'!Q3,"") | G4: =IF(ISNUMBER('2 Mock NUSA'!R3),'2 Mock NUSA'!R3,"") | H4: =IF(ISNUMBER('2 Mock NUSA'!S3),'2 Mock NUSA'!S3,"") -> 28 | I4: =IF(L4="Tidak","Invalid",IF(AND(ISNUMBER(D4),D4<'Baca Dulu'!$B$13),"Positif","Negatif")) -> Negatif | J4: =IF(L4="Tidak","Invalid",IF(AND(ISNUMBER(E4),E4<'Baca Dulu'!$B$13),"Positif","Negatif")) -> Negatif | K4: =IF(L4="Tidak","Invalid",IF(OR(AND(ISNUMBER(F4),F4<'Baca Dulu'!$B$13),AND(ISNUMBER(G4),G4<'Baca Dulu'!$B$13)),"Positif","Negatif")) -> Negatif | L4: =IF(AND(ISNUMBER(H4),H4<='Baca Dulu'!$B$14),"Ya","Tidak") -> Ya | M4: =IF(L4="Tidak","Invalid",IF(OR(I4="Positif",J4="Positif"),"Positif 16/18",IF(K4="Positif","Positif lain","Negatif"))) -> Negatif | N4: =IF(AND(L4="Ya",COUNT(D4:G4)>0),MIN(D4:G4)-H4,"") | O4: =INT('2 Mock NUSA'!J3) -> 46303 | P4: Lengkap: Ct + kurva + pra-analitik + cabang B
A5: NUSA HPV | B5: ='2 Mock NUSA'!B4 -> A-7102 | C5: ='2 Mock NUSA'!A4 -> P-0003 | D5: =IF(ISNUMBER('2 Mock NUSA'!O4),'2 Mock NUSA'!O4,"") | E5: =IF(ISNUMBER('2 Mock NUSA'!P4),'2 Mock NUSA'!P4,"") | F5: =IF(ISNUMBER('2 Mock NUSA'!Q4),'2 Mock NUSA'!Q4,"") | G5: =IF(ISNUMBER('2 Mock NUSA'!R4),'2 Mock NUSA'!R4,"") | H5: =IF(ISNUMBER('2 Mock NUSA'!S4),'2 Mock NUSA'!S4,"") -> 22.1 | I5: =IF(L5="Tidak","Invalid",IF(AND(ISNUMBER(D5),D5<'Baca Dulu'!$B$13),"Positif","Negatif")) -> Negatif | J5: =IF(L5="Tidak","Invalid",IF(AND(ISNUMBER(E5),E5<'Baca Dulu'!$B$13),"Positif","Negatif")) -> Negatif | K5: =IF(L5="Tidak","Invalid",IF(OR(AND(ISNUMBER(F5),F5<'Baca Dulu'!$B$13),AND(ISNUMBER(G5),G5<'Baca Dulu'!$B$13)),"Positif","Negatif")) -> Negatif | L5: =IF(AND(ISNUMBER(H5),H5<='Baca Dulu'!$B$14),"Ya","Tidak") -> Ya | M5: =IF(L5="Tidak","Invalid",IF(OR(I5="Positif",J5="Positif"),"Positif 16/18",IF(K5="Positif","Positif lain","Negatif"))) -> Negatif | N5: =IF(AND(L5="Ya",COUNT(D5:G5)>0),MIN(D5:G5)-H5,"") | O5: =INT('2 Mock NUSA'!J4) -> 46302 | P5: Lengkap: Ct + kurva + pra-analitik + cabang B
A6: NUSA HPV | B6: ='2 Mock NUSA'!B5 -> A-7103 | C6: ='2 Mock NUSA'!A5 -> P-0004 | D6: =IF(ISNUMBER('2 Mock NUSA'!O5),'2 Mock NUSA'!O5,"") | E6: =IF(ISNUMBER('2 Mock NUSA'!P5),'2 Mock NUSA'!P5,"") | F6: =IF(ISNUMBER('2 Mock NUSA'!Q5),'2 Mock NUSA'!Q5,"") | G6: =IF(ISNUMBER('2 Mock NUSA'!R5),'2 Mock NUSA'!R5,"") | H6: =IF(ISNUMBER('2 Mock NUSA'!S5),'2 Mock NUSA'!S5,"") -> 25.9 | I6: =IF(L6="Tidak","Invalid",IF(AND(ISNUMBER(D6),D6<'Baca Dulu'!$B$13),"Positif","Negatif")) -> Negatif | J6: =IF(L6="Tidak","Invalid",IF(AND(ISNUMBER(E6),E6<'Baca Dulu'!$B$13),"Positif","Negatif")) -> Negatif | K6: =IF(L6="Tidak","Invalid",IF(OR(AND(ISNUMBER(F6),F6<'Baca Dulu'!$B$13),AND(ISNUMBER(G6),G6<'Baca Dulu'!$B$13)),"Positif","Negatif")) -> Negatif | L6: =IF(AND(ISNUMBER(H6),H6<='Baca Dulu'!$B$14),"Ya","Tidak") -> Ya | M6: =IF(L6="Tidak","Invalid",IF(OR(I6="Positif",J6="Positif"),"Positif 16/18",IF(K6="Positif","Positif lain","Negatif"))) -> Negatif | N6: =IF(AND(L6="Ya",COUNT(D6:G6)>0),MIN(D6:G6)-H6,"") | O6: =INT('2 Mock NUSA'!J5) -> 46309 | P6: Lengkap: Ct + kurva + pra-analitik + cabang B
A7: NUSA HPV | B7: ='2 Mock NUSA'!B6 -> A-7104 | C7: ='2 Mock NUSA'!A6 -> P-0005 | D7: =IF(ISNUMBER('2 Mock NUSA'!O6),'2 Mock NUSA'!O6,"") | E7: =IF(ISNUMBER('2 Mock NUSA'!P6),'2 Mock NUSA'!P6,"") | F7: =IF(ISNUMBER('2 Mock NUSA'!Q6),'2 Mock NUSA'!Q6,"") | G7: =IF(ISNUMBER('2 Mock NUSA'!R6),'2 Mock NUSA'!R6,"") | H7: =IF(ISNUMBER('2 Mock NUSA'!S6),'2 Mock NUSA'!S6,"") -> 26.1 | I7: =IF(L7="Tidak","Invalid",IF(AND(ISNUMBER(D7),D7<'Baca Dulu'!$B$13),"Positif","Negatif")) -> Negatif | J7: =IF(L7="Tidak","Invalid",IF(AND(ISNUMBER(E7),E7<'Baca Dulu'!$B$13),"Positif","Negatif")) -> Negatif | K7: =IF(L7="Tidak","Invalid",IF(OR(AND(ISNUMBER(F7),F7<'Baca Dulu'!$B$13),AND(ISNUMBER(G7),G7<'Baca Dulu'!$B$13)),"Positif","Negatif")) -> Negatif | L7: =IF(AND(ISNUMBER(H7),H7<='Baca Dulu'!$B$14),"Ya","Tidak") -> Ya | M7: =IF(L7="Tidak","Invalid",IF(OR(I7="Positif",J7="Positif"),"Positif 16/18",IF(K7="Positif","Positif lain","Negatif"))) -> Negatif | N7: =IF(AND(L7="Ya",COUNT(D7:G7)>0),MIN(D7:G7)-H7,"") | O7: =INT('2 Mock NUSA'!J6) -> 46303 | P7: Lengkap: Ct + kurva + pra-analitik + cabang B
A8: NUSA HPV | B8: ='2 Mock NUSA'!B7 -> A-7105 | C8: ='2 Mock NUSA'!A7 -> P-0006 | D8: =IF(ISNUMBER('2 Mock NUSA'!O7),'2 Mock NUSA'!O7,"") | E8: =IF(ISNUMBER('2 Mock NUSA'!P7),'2 Mock NUSA'!P7,"") | F8: =IF(ISNUMBER('2 Mock NUSA'!Q7),'2 Mock NUSA'!Q7,"") | G8: =IF(ISNUMBER('2 Mock NUSA'!R7),'2 Mock NUSA'!R7,"") | H8: =IF(ISNUMBER('2 Mock NUSA'!S7),'2 Mock NUSA'!S7,"") -> 23 | I8: =IF(L8="Tidak","Invalid",IF(AND(ISNUMBER(D8),D8<'Baca Dulu'!$B$13),"Positif","Negatif")) -> Negatif | J8: =IF(L8="Tidak","Invalid",IF(AND(ISNUMBER(E8),E8<'Baca Dulu'!$B$13),"Positif","Negatif")) -> Negatif | K8: =IF(L8="Tidak","Invalid",IF(OR(AND(ISNUMBER(F8),F8<'Baca Dulu'!$B$13),AND(ISNUMBER(G8),G8<'Baca Dulu'!$B$13)),"Positif","Negatif")) -> Negatif | L8: =IF(AND(ISNUMBER(H8),H8<='Baca Dulu'!$B$14),"Ya","Tidak") -> Ya | M8: =IF(L8="Tidak","Invalid",IF(OR(I8="Positif",J8="Positif"),"Positif 16/18",IF(K8="Positif","Positif lain","Negatif"))) -> Negatif | N8: =IF(AND(L8="Ya",COUNT(D8:G8)>0),MIN(D8:G8)-H8,"") | O8: =INT('2 Mock NUSA'!J7) -> 46303 | P8: Lengkap: Ct + kurva + pra-analitik + cabang B
A9: NUSA HPV | B9: ='2 Mock NUSA'!B8 -> A-7106 | C9: ='2 Mock NUSA'!A8 -> P-0007 | D9: =IF(ISNUMBER('2 Mock NUSA'!O8),'2 Mock NUSA'!O8,"") | E9: =IF(ISNUMBER('2 Mock NUSA'!P8),'2 Mock NUSA'!P8,"") | F9: =IF(ISNUMBER('2 Mock NUSA'!Q8),'2 Mock NUSA'!Q8,"") | G9: =IF(ISNUMBER('2 Mock NUSA'!R8),'2 Mock NUSA'!R8,"") | H9: =IF(ISNUMBER('2 Mock NUSA'!S8),'2 Mock NUSA'!S8,"") -> 26.1 | I9: =IF(L9="Tidak","Invalid",IF(AND(ISNUMBER(D9),D9<'Baca Dulu'!$B$13),"Positif","Negatif")) -> Negatif | J9: =IF(L9="Tidak","Invalid",IF(AND(ISNUMBER(E9),E9<'Baca Dulu'!$B$13),"Positif","Negatif")) -> Negatif | K9: =IF(L9="Tidak","Invalid",IF(OR(AND(ISNUMBER(F9),F9<'Baca Dulu'!$B$13),AND(ISNUMBER(G9),G9<'Baca Dulu'!$B$13)),"Positif","Negatif")) -> Negatif | L9: =IF(AND(ISNUMBER(H9),H9<='Baca Dulu'!$B$14),"Ya","Tidak") -> Ya | M9: =IF(L9="Tidak","Invalid",IF(OR(I9="Positif",J9="Positif"),"Positif 16/18",IF(K9="Positif","Positif lain","Negatif"))) -> Negatif | N9: =IF(AND(L9="Ya",COUNT(D9:G9)>0),MIN(D9:G9)-H9,"") | O9: =INT('2 Mock NUSA'!J8) -> 46306 | P9: Lengkap: Ct + kurva + pra-analitik + cabang B
A10: NUSA HPV | B10: ='2 Mock NUSA'!B9 -> A-7107 | C10: ='2 Mock NUSA'!A9 -> P-0008 | D10: =IF(ISNUMBER('2 Mock NUSA'!O9),'2 Mock NUSA'!O9,"") | E10: =IF(ISNUMBER('2 Mock NUSA'!P9),'2 Mock NUSA'!P9,"") | F10: =IF(ISNUMBER('2 Mock NUSA'!Q9),'2 Mock NUSA'!Q9,"") -> 35.8 | G10: =IF(ISNUMBER('2 Mock NUSA'!R9),'2 Mock NUSA'!R9,"") | H10: =IF(ISNUMBER('2 Mock NUSA'!S9),'2 Mock NUSA'!S9,"") -> 26.3 | I10: =IF(L10="Tidak","Invalid",IF(AND(ISNUMBER(D10),D10<'Baca Dulu'!$B$13),"Positif","Negatif")) -> Negatif | J10: =IF(L10="Tidak","Invalid",IF(AND(ISNUMBER(E10),E10<'Baca Dulu'!$B$13),"Positif","Negatif")) -> Negatif | K10: =IF(L10="Tidak","Invalid",IF(OR(AND(ISNUMBER(F10),F10<'Baca Dulu'!$B$13),AND(ISNUMBER(G10),G10<'Baca Dulu'!$B$13)),"Positif","Negatif")) -> Positif | L10: =IF(AND(ISNUMBER(H10),H10<='Baca Dulu'!$B$14),"Ya","Tidak") -> Ya | M10: =IF(L10="Tidak","Invalid",IF(OR(I10="Positif",J10="Positif"),"Positif 16/18",IF(K10="Positif","Positif lain","Negatif"))) -> Positif lain | N10: =IF(AND(L10="Ya",COUNT(D10:G10)>0),MIN(D10:G10)-H10,"") -> 9.5 | O10: =INT('2 Mock NUSA'!J9) -> 46307 | P10: Lengkap: Ct + kurva + pra-analitik + cabang B
A11: NUSA HPV | B11: ='2 Mock NUSA'!B10 -> A-7108 | C11: ='2 Mock NUSA'!A10 -> P-0009 | D11: =IF(ISNUMBER('2 Mock NUSA'!O10),'2 Mock NUSA'!O10,"") | E11: =IF(ISNUMBER('2 Mock NUSA'!P10),'2 Mock NUSA'!P10,"") | F11: =IF(ISNUMBER('2 Mock NUSA'!Q10),'2 Mock NUSA'!Q10,"") | G11: =IF(ISNUMBER('2 Mock NUSA'!R10),'2 Mock NUSA'!R10,"") | H11: =IF(ISNUMBER('2 Mock NUSA'!S10),'2 Mock NUSA'!S10,"") -> 29.4 | I11: =IF(L11="Tidak","Invalid",IF(AND(ISNUMBER(D11),D11<'Baca Dulu'!$B$13),"Positif","Negatif")) -> Negatif | J11: =IF(L11="Tidak","Invalid",IF(AND(ISNUMBER(E11),E11<'Baca Dulu'!$B$13),"Positif","Negatif")) -> Negatif | K11: =IF(L11="Tidak","Invalid",IF(OR(AND(ISNUMBER(F11),F11<'Baca Dulu'!$B$13),AND(ISNUMBER(G11),G11<'Baca Dulu'!$B$13)),"Positif","Negatif")) -> Negatif | L11: =IF(AND(ISNUMBER(H11),H11<='Baca Dulu'!$B$14),"Ya","Tidak") -> Ya | M11: =IF(L11="Tidak","Invalid",IF(OR(I11="Positif",J11="Positif"),"Positif 16/18",IF(K11="Positif","Positif lain","Negatif"))) -> Negatif | N11: =IF(AND(L11="Ya",COUNT(D11:G11)>0),MIN(D11:G11)-H11,"") | O11: =INT('2 Mock NUSA'!J10) -> 46306 | P11: Lengkap: Ct + kurva + pra-analitik + cabang B
A12: NUSA HPV | B12: ='2 Mock NUSA'!B11 -> A-7109 | C12: ='2 Mock NUSA'!A11 -> P-0010 | D12: =IF(ISNUMBER('2 Mock NUSA'!O11),'2 Mock NUSA'!O11,"") | E12: =IF(ISNUMBER('2 Mock NUSA'!P11),'2 Mock NUSA'!P11,"") | F12: =IF(ISNUMBER('2 Mock NUSA'!Q11),'2 Mock NUSA'!Q11,"") | G12: =IF(ISNUMBER('2 Mock NUSA'!R11),'2 Mock NUSA'!R11,"") | H12: =IF(ISNUMBER('2 Mock NUSA'!S11),'2 Mock NUSA'!S11,"") -> 29.6 | I12: =IF(L12="Tidak","Invalid",IF(AND(ISNUMBER(D12),D12<'Baca Dulu'!$B$13),"Positif","Negatif")) -> Negatif | J12: =IF(L12="Tidak","Invalid",IF(AND(ISNUMBER(E12),E12<'Baca Dulu'!$B$13),"Positif","Negatif")) -> Negatif | K12: =IF(L12="Tidak","Invalid",IF(OR(AND(ISNUMBER(F12),F12<'Baca Dulu'!$B$13),AND(ISNUMBER(G12),G12<'Baca Dulu'!$B$13)),"Positif","Negatif")) -> Negatif | L12: =IF(AND(ISNUMBER(H12),H12<='Baca Dulu'!$B$14),"Ya","Tidak") -> Ya | M12: =IF(L12="Tidak","Invalid",IF(OR(I12="Positif",J12="Positif"),"Positif 16/18",IF(K12="Positif","Positif lain","Negatif"))) -> Negatif | N12: =IF(AND(L12="Ya",COUNT(D12:G12)>0),MIN(D12:G12)-H12,"") | O12: =INT('2 Mock NUSA'!J11) -> 46307 | P12: Lengkap: Ct + kurva + pra-analitik + cabang B
A13: NUSA HPV | B13: ='2 Mock NUSA'!B12 -> A-7110 | C13: ='2 Mock NUSA'!A12 -> P-0011 | D13: =IF(ISNUMBER('2 Mock NUSA'!O12),'2 Mock NUSA'!O12,"") | E13: =IF(ISNUMBER('2 Mock NUSA'!P12),'2 Mock NUSA'!P12,"") | F13: =IF(ISNUMBER('2 Mock NUSA'!Q12),'2 Mock NUSA'!Q12,"") -> 27.2 | G13: =IF(ISNUMBER('2 Mock NUSA'!R12),'2 Mock NUSA'!R12,"") | H13: =IF(ISNUMBER('2 Mock NUSA'!S12),'2 Mock NUSA'!S12,"") -> 24.1 | I13: =IF(L13="Tidak","Invalid",IF(AND(ISNUMBER(D13),D13<'Baca Dulu'!$B$13),"Positif","Negatif")) -> Negatif | J13: =IF(L13="Tidak","Invalid",IF(AND(ISNUMBER(E13),E13<'Baca Dulu'!$B$13),"Positif","Negatif")) -> Negatif | K13: =IF(L13="Tidak","Invalid",IF(OR(AND(ISNUMBER(F13),F13<'Baca Dulu'!$B$13),AND(ISNUMBER(G13),G13<'Baca Dulu'!$B$13)),"Positif","Negatif")) -> Positif | L13: =IF(AND(ISNUMBER(H13),H13<='Baca Dulu'!$B$14),"Ya","Tidak") -> Ya | M13: =IF(L13="Tidak","Invalid",IF(OR(I13="Positif",J13="Positif"),"Positif 16/18",IF(K13="Positif","Positif lain","Negatif"))) -> Positif lain | N13: =IF(AND(L13="Ya",COUNT(D13:G13)>0),MIN(D13:G13)-H13,"") -> 3.1 | O13: =INT('2 Mock NUSA'!J12) -> 46301 | P13: Lengkap: Ct + kurva + pra-analitik + cabang B
A14: NUSA HPV | B14: ='2 Mock NUSA'!B13 -> A-7111 | C14: ='2 Mock NUSA'!A13 -> P-0012 | D14: =IF(ISNUMBER('2 Mock NUSA'!O13),'2 Mock NUSA'!O13,"") | E14: =IF(ISNUMBER('2 Mock NUSA'!P13),'2 Mock NUSA'!P13,"") | F14: =IF(ISNUMBER('2 Mock NUSA'!Q13),'2 Mock NUSA'!Q13,"") | G14: =IF(ISNUMBER('2 Mock NUSA'!R13),'2 Mock NUSA'!R13,"") | H14: =IF(ISNUMBER('2 Mock NUSA'!S13),'2 Mock NUSA'!S13,"") -> 23 | I14: =IF(L14="Tidak","Invalid",IF(AND(ISNUMBER(D14),D14<'Baca Dulu'!$B$13),"Positif","Negatif")) -> Negatif | J14: =IF(L14="Tidak","Invalid",IF(AND(ISNUMBER(E14),E14<'Baca Dulu'!$B$13),"Positif","Negatif")) -> Negatif | K14: =IF(L14="Tidak","Invalid",IF(OR(AND(ISNUMBER(F14),F14<'Baca Dulu'!$B$13),AND(ISNUMBER(G14),G14<'Baca Dulu'!$B$13)),"Positif","Negatif")) -> Negatif | L14: =IF(AND(ISNUMBER(H14),H14<='Baca Dulu'!$B$14),"Ya","Tidak") -> Ya | M14: =IF(L14="Tidak","Invalid",IF(OR(I14="Positif",J14="Positif"),"Positif 16/18",IF(K14="Positif","Positif lain","Negatif"))) -> Negatif | N14: =IF(AND(L14="Ya",COUNT(D14:G14)>0),MIN(D14:G14)-H14,"") | O14: =INT('2 Mock NUSA'!J13) -> 46305 | P14: Lengkap: Ct + kurva + pra-analitik + cabang B
... A62: NUSA HPV | B62: ='2 Mock NUSA'!B61 -> A-7159 | C62: ='2 Mock NUSA'!A61 -> P-0060 | D62: =IF(ISNUMBER('2 Mock NUSA'!O61),'2 Mock NUSA'!O61,"") | E62: =IF(ISNUMBER('2 Mock NUSA'!P61),'2 Mock NUSA'!P61,"") | F62: =IF(ISNUMBER('2 Mock NUSA'!Q61),'2 Mock NUSA'!Q61,"") | G62: =IF(ISNUMBER('2 Mock NUSA'!R61),'2 Mock NUSA'!R61,"") | H62: =IF(ISNUMBER('2 Mock NUSA'!S61),'2 Mock NUSA'!S61,"") -> 25.5 | I62: =IF(L62="Tidak","Invalid",IF(AND(ISNUMBER(D62),D62<'Baca Dulu'!$B$13),"Positif","Negatif")) -> Negatif | J62: =IF(L62="Tidak","Invalid",IF(AND(ISNUMBER(E62),E62<'Baca Dulu'!$B$13),"Positif","Negatif")) -> Negatif | K62: =IF(L62="Tidak","Invalid",IF(OR(AND(ISNUMBER(F62),F62<'Baca Dulu'!$B$13),AND(ISNUMBER(G62),G62<'Baca Dulu'!$B$13)),"Positif","Negatif")) -> Negatif | L62: =IF(AND(ISNUMBER(H62),H62<='Baca Dulu'!$B$14),"Ya","Tidak") -> Ya | M62: =IF(L62="Tidak","Invalid",IF(OR(I62="Positif",J62="Positif"),"Positif 16/18",IF(K62="Positif","Positif lain","Negatif"))) -> Negatif | N62: =IF(AND(L62="Ya",COUNT(D62:G62)>0),MIN(D62:G62)-H62,"") | O62: =INT('2 Mock NUSA'!J61) -> 46308 | P62: Lengkap: Ct + kurva + pra-analitik + cabang B
A63: CerviScan | B63: CS-26-3400 | C63: =INDEX('3 Mock CerviScan'!$F$3:$F$302,MATCH(B63,'3 Mock CerviScan'!$B$3:$B$302,0)) -> P-0061 | D63: =IFERROR(AVERAGEIFS('3 Mock CerviScan'!$E$3:$E$302,'3 Mock CerviScan'!$B$3:$B$302,$B63,'3 Mock CerviScan'!$C$3:$C$302,"HPV16"),"") | E63: =IFERROR(AVERAGEIFS('3 Mock CerviScan'!$E$3:$E$302,'3 Mock CerviScan'!$B$3:$B$302,$B63,'3 Mock CerviScan'!$C$3:$C$302,"HPV18"),"") | F63: =IFERROR(AVERAGEIFS('3 Mock CerviScan'!$E$3:$E$302,'3 Mock CerviScan'!$B$3:$B$302,$B63,'3 Mock CerviScan'!$C$3:$C$302,"HPV52"),"") | G63: =IFERROR(AVERAGEIFS('3 Mock CerviScan'!$E$3:$E$302,'3 Mock CerviScan'!$B$3:$B$302,$B63,'3 Mock CerviScan'!$C$3:$C$302,"HR lain (11 tipe)"),"") | H63: =IFERROR(AVERAGEIFS('3 Mock CerviScan'!$E$3:$E$302,'3 Mock CerviScan'!$B$3:$B$302,$B63,'3 Mock CerviScan'!$C$3:$C$302,"Beta-globin (IC)"),"") -> 24.9 | I63: =IF(L63="Tidak","Invalid",IF(AND(ISNUMBER(D63),D63<'Baca Dulu'!$B$13),"Positif","Negatif")) -> Negatif | J63: =IF(L63="Tidak","Invalid",IF(AND(ISNUMBER(E63),E63<'Baca Dulu'!$B$13),"Positif","Negatif")) -> Negatif | K63: =IF(L63="Tidak","Invalid",IF(OR(AND(ISNUMBER(F63),F63<'Baca Dulu'!$B$13),AND(ISNUMBER(G63),G63<'Baca Dulu'!$B$13)),"Positif","Negatif")) -> Negatif | L63: =IF(AND(ISNUMBER(H63),H63<='Baca Dulu'!$B$14),"Ya","Tidak") -> Ya | M63: =IF(L63="Tidak","Invalid",IF(OR(I63="Positif",J63="Positif"),"Positif 16/18",IF(K63="Positif","Positif lain","Negatif"))) -> Negatif | N63: =IF(AND(L63="Ya",COUNT(D63:G63)>0),MIN(D63:G63)-H63,"") | O63: =INDEX('3 Mock CerviScan'!$H$3:$H$302,MATCH(B63,'3 Mock CerviScan'!$B$3:$B$302,0)) -> 46306 | P63: Ct per kanal + kontrol internal
A64: CerviScan | B64: CS-26-3401 | C64: =INDEX('3 Mock CerviScan'!$F$3:$F$302,MATCH(B64,'3 Mock CerviScan'!$B$3:$B$302,0)) -> P-0062 | D64: =IFERROR(AVERAGEIFS('3 Mock CerviScan'!$E$3:$E$302,'3 Mock CerviScan'!$B$3:$B$302,$B64,'3 Mock CerviScan'!$C$3:$C$302,"HPV16"),"") | E64: =IFERROR(AVERAGEIFS('3 Mock CerviScan'!$E$3:$E$302,'3 Mock CerviScan'!$B$3:$B$302,$B64,'3 Mock CerviScan'!$C$3:$C$302,"HPV18"),"") | F64: =IFERROR(AVERAGEIFS('3 Mock CerviScan'!$E$3:$E$302,'3 Mock CerviScan'!$B$3:$B$302,$B64,'3 Mock CerviScan'!$C$3:$C$302,"HPV52"),"") | G64: =IFERROR(AVERAGEIFS('3 Mock CerviScan'!$E$3:$E$302,'3 Mock CerviScan'!$B$3:$B$302,$B64,'3 Mock CerviScan'!$C$3:$C$302,"HR lain (11 tipe)"),"") | H64: =IFERROR(AVERAGEIFS('3 Mock CerviScan'!$E$3:$E$302,'3 Mock CerviScan'!$B$3:$B$302,$B64,'3 Mock CerviScan'!$C$3:$C$302,"Beta-globin (IC)"),"") -> 26.9 | I64: =IF(L64="Tidak","Invalid",IF(AND(ISNUMBER(D64),D64<'Baca Dulu'!$B$13),"Positif","Negatif")) -> Negatif | J64: =IF(L64="Tidak","Invalid",IF(AND(ISNUMBER(E64),E64<'Baca Dulu'!$B$13),"Positif","Negatif")) -> Negatif | K64: =IF(L64="Tidak","Invalid",IF(OR(AND(ISNUMBER(F64),F64<'Baca Dulu'!$B$13),AND(ISNUMBER(G64),G64<'Baca Dulu'!$B$13)),"Positif","Negatif")) -> Negatif | L64: =IF(AND(ISNUMBER(H64),H64<='Baca Dulu'!$B$14),"Ya","Tidak") -> Ya | M64: =IF(L64="Tidak","Invalid",IF(OR(I64="Positif",J64="Positif"),"Positif 16/18",IF(K64="Positif","Positif lain","Negatif"))) -> Negatif | N64: =IF(AND(L64="Ya",COUNT(D64:G64)>0),MIN(D64:G64)-H64,"") | O64: =INDEX('3 Mock CerviScan'!$H$3:$H$302,MATCH(B64,'3 Mock CerviScan'!$B$3:$B$302,0)) -> 46306 | P64: Ct per kanal + kontrol internal
A65: CerviScan | B65: CS-26-3402 | C65: =INDEX('3 Mock CerviScan'!$F$3:$F$302,MATCH(B65,'3 Mock CerviScan'!$B$3:$B$302,0)) -> P-0063 | D65: =IFERROR(AVERAGEIFS('3 Mock CerviScan'!$E$3:$E$302,'3 Mock CerviScan'!$B$3:$B$302,$B65,'3 Mock CerviScan'!$C$3:$C$302,"HPV16"),"") | E65: =IFERROR(AVERAGEIFS('3 Mock CerviScan'!$E$3:$E$302,'3 Mock CerviScan'!$B$3:$B$302,$B65,'3 Mock CerviScan'!$C$3:$C$302,"HPV18"),"") | F65: =IFERROR(AVERAGEIFS('3 Mock CerviScan'!$E$3:$E$302,'3 Mock CerviScan'!$B$3:$B$302,$B65,'3 Mock CerviScan'!$C$3:$C$302,"HPV52"),"") | G65: =IFERROR(AVERAGEIFS('3 Mock CerviScan'!$E$3:$E$302,'3 Mock CerviScan'!$B$3:$B$302,$B65,'3 Mock CerviScan'!$C$3:$C$302,"HR lain (11 tipe)"),"") | H65: =IFERROR(AVERAGEIFS('3 Mock CerviScan'!$E$3:$E$302,'3 Mock CerviScan'!$B$3:$B$302,$B65,'3 Mock CerviScan'!$C$3:$C$302,"Beta-globin (IC)"),"") -> 25.9 | I65: =IF(L65="Tidak","Invalid",IF(AND(ISNUMBER(D65),D65<'Baca Dulu'!$B$13),"Positif","Negatif")) -> Negatif | J65: =IF(L65="Tidak","Invalid",IF(AND(ISNUMBER(E65),E65<'Baca Dulu'!$B$13),"Positif","Negatif")) -> Negatif | K65: =IF(L65="Tidak","Invalid",IF(OR(AND(ISNUMBER(F65),F65<'Baca Dulu'!$B$13),AND(ISNUMBER(G65),G65<'Baca Dulu'!$B$13)),"Positif","Negatif")) -> Negatif | L65: =IF(AND(ISNUMBER(H65),H65<='Baca Dulu'!$B$14),"Ya","Tidak") -> Ya | M65: =IF(L65="Tidak","Invalid",IF(OR(I65="Positif",J65="Positif"),"Positif 16/18",IF(K65="Positif","Positif lain","Negatif"))) -> Negatif | N65: =IF(AND(L65="Ya",COUNT(D65:G65)>0),MIN(D65:G65)-H65,"") | O65: =INDEX('3 Mock CerviScan'!$H$3:$H$302,MATCH(B65,'3 Mock CerviScan'!$B$3:$B$302,0)) -> 46304 | P65: Ct per kanal + kontrol internal
A66: CerviScan | B66: CS-26-3403 | C66: =INDEX('3 Mock CerviScan'!$F$3:$F$302,MATCH(B66,'3 Mock CerviScan'!$B$3:$B$302,0)) -> P-0064 | D66: =IFERROR(AVERAGEIFS('3 Mock CerviScan'!$E$3:$E$302,'3 Mock CerviScan'!$B$3:$B$302,$B66,'3 Mock CerviScan'!$C$3:$C$302,"HPV16"),"") | E66: =IFERROR(AVERAGEIFS('3 Mock CerviScan'!$E$3:$E$302,'3 Mock CerviScan'!$B$3:$B$302,$B66,'3 Mock CerviScan'!$C$3:$C$302,"HPV18"),"") | F66: =IFERROR(AVERAGEIFS('3 Mock CerviScan'!$E$3:$E$302,'3 Mock CerviScan'!$B$3:$B$302,$B66,'3 Mock CerviScan'!$C$3:$C$302,"HPV52"),"") | G66: =IFERROR(AVERAGEIFS('3 Mock CerviScan'!$E$3:$E$302,'3 Mock CerviScan'!$B$3:$B$302,$B66,'3 Mock CerviScan'!$C$3:$C$302,"HR lain (11 tipe)"),"") | H66: =IFERROR(AVERAGEIFS('3 Mock CerviScan'!$E$3:$E$302,'3 Mock CerviScan'!$B$3:$B$302,$B66,'3 Mock CerviScan'!$C$3:$C$302,"Beta-globin (IC)"),"") -> 29.5 | I66: =IF(L66="Tidak","Invalid",IF(AND(ISNUMBER(D66),D66<'Baca Dulu'!$B$13),"Positif","Negatif")) -> Negatif | J66: =IF(L66="Tidak","Invalid",IF(AND(ISNUMBER(E66),E66<'Baca Dulu'!$B$13),"Positif","Negatif")) -> Negatif | K66: =IF(L66="Tidak","Invalid",IF(OR(AND(ISNUMBER(F66),F66<'Baca Dulu'!$B$13),AND(ISNUMBER(G66),G66<'Baca Dulu'!$B$13)),"Positif","Negatif")) -> Negatif | L66: =IF(AND(ISNUMBER(H66),H66<='Baca Dulu'!$B$14),"Ya","Tidak") -> Ya | M66: =IF(L66="Tidak","Invalid",IF(OR(I66="Positif",J66="Positif"),"Positif 16/18",IF(K66="Positif","Positif lain","Negatif"))) -> Negatif | N66: =IF(AND(L66="Ya",COUNT(D66:G66)>0),MIN(D66:G66)-H66,"") | O66: =INDEX('3 Mock CerviScan'!$H$3:$H$302,MATCH(B66,'3 Mock CerviScan'!$B$3:$B$302,0)) -> 46310 | P66: Ct per kanal + kontrol internal
A67: CerviScan | B67: CS-26-3404 | C67: =INDEX('3 Mock CerviScan'!$F$3:$F$302,MATCH(B67,'3 Mock CerviScan'!$B$3:$B$302,0)) -> P-0065 | D67: =IFERROR(AVERAGEIFS('3 Mock CerviScan'!$E$3:$E$302,'3 Mock CerviScan'!$B$3:$B$302,$B67,'3 Mock CerviScan'!$C$3:$C$302,"HPV16"),"") | E67: =IFERROR(AVERAGEIFS('3 Mock CerviScan'!$E$3:$E$302,'3 Mock CerviScan'!$B$3:$B$302,$B67,'3 Mock CerviScan'!$C$3:$C$302,"HPV18"),"") | F67: =IFERROR(AVERAGEIFS('3 Mock CerviScan'!$E$3:$E$302,'3 Mock CerviScan'!$B$3:$B$302,$B67,'3 Mock CerviScan'!$C$3:$C$302,"HPV52"),"") | G67: =IFERROR(AVERAGEIFS('3 Mock CerviScan'!$E$3:$E$302,'3 Mock CerviScan'!$B$3:$B$302,$B67,'3 Mock CerviScan'!$C$3:$C$302,"HR lain (11 tipe)"),"") | H67: =IFERROR(AVERAGEIFS('3 Mock CerviScan'!$E$3:$E$302,'3 Mock CerviScan'!$B$3:$B$302,$B67,'3 Mock CerviScan'!$C$3:$C$302,"Beta-globin (IC)"),"") -> 29.6 | I67: =IF(L67="Tidak","Invalid",IF(AND(ISNUMBER(D67),D67<'Baca Dulu'!$B$13),"Positif","Negatif")) -> Negatif | J67: =IF(L67="Tidak","Invalid",IF(AND(ISNUMBER(E67),E67<'Baca Dulu'!$B$13),"Positif","Negatif")) -> Negatif | K67: =IF(L67="Tidak","Invalid",IF(OR(AND(ISNUMBER(F67),F67<'Baca Dulu'!$B$13),AND(ISNUMBER(G67),G67<'Baca Dulu'!$B$13)),"Positif","Negatif")) -> Negatif | L67: =IF(AND(ISNUMBER(H67),H67<='Baca Dulu'!$B$14),"Ya","Tidak") -> Ya | M67: =IF(L67="Tidak","Invalid",IF(OR(I67="Positif",J67="Positif"),"Positif 16/18",IF(K67="Positif","Positif lain","Negatif"))) -> Negatif | N67: =IF(AND(L67="Ya",COUNT(D67:G67)>0),MIN(D67:G67)-H67,"") | O67: =INDEX('3 Mock CerviScan'!$H$3:$H$302,MATCH(B67,'3 Mock CerviScan'!$B$3:$B$302,0)) -> 46305 | P67: Ct per kanal + kontrol internal
A68: CerviScan | B68: CS-26-3405 | C68: =INDEX('3 Mock CerviScan'!$F$3:$F$302,MATCH(B68,'3 Mock CerviScan'!$B$3:$B$302,0)) -> P-0066 | D68: =IFERROR(AVERAGEIFS('3 Mock CerviScan'!$E$3:$E$302,'3 Mock CerviScan'!$B$3:$B$302,$B68,'3 Mock CerviScan'!$C$3:$C$302,"HPV16"),"") | E68: =IFERROR(AVERAGEIFS('3 Mock CerviScan'!$E$3:$E$302,'3 Mock CerviScan'!$B$3:$B$302,$B68,'3 Mock CerviScan'!$C$3:$C$302,"HPV18"),"") | F68: =IFERROR(AVERAGEIFS('3 Mock CerviScan'!$E$3:$E$302,'3 Mock CerviScan'!$B$3:$B$302,$B68,'3 Mock CerviScan'!$C$3:$C$302,"HPV52"),"") | G68: =IFERROR(AVERAGEIFS('3 Mock CerviScan'!$E$3:$E$302,'3 Mock CerviScan'!$B$3:$B$302,$B68,'3 Mock CerviScan'!$C$3:$C$302,"HR lain (11 tipe)"),"") | H68: =IFERROR(AVERAGEIFS('3 Mock CerviScan'!$E$3:$E$302,'3 Mock CerviScan'!$B$3:$B$302,$B68,'3 Mock CerviScan'!$C$3:$C$302,"Beta-globin (IC)"),"") -> 29.8 | I68: =IF(L68="Tidak","Invalid",IF(AND(ISNUMBER(D68),D68<'Baca Dulu'!$B$13),"Positif","Negatif")) -> Negatif | J68: =IF(L68="Tidak","Invalid",IF(AND(ISNUMBER(E68),E68<'Baca Dulu'!$B$13),"Positif","Negatif")) -> Negatif | K68: =IF(L68="Tidak","Invalid",IF(OR(AND(ISNUMBER(F68),F68<'Baca Dulu'!$B$13),AND(ISNUMBER(G68),G68<'Baca Dulu'!$B$13)),"Positif","Negatif")) -> Negatif | L68: =IF(AND(ISNUMBER(H68),H68<='Baca Dulu'!$B$14),"Ya","Tidak") -> Ya | M68: =IF(L68="Tidak","Invalid",IF(OR(I68="Positif",J68="Positif"),"Positif 16/18",IF(K68="Positif","Positif lain","Negatif"))) -> Negatif | N68: =IF(AND(L68="Ya",COUNT(D68:G68)>0),MIN(D68:G68)-H68,"") | O68: =INDEX('3 Mock CerviScan'!$H$3:$H$302,MATCH(B68,'3 Mock CerviScan'!$B$3:$B$302,0)) -> 46313 | P68: Ct per kanal + kontrol internal
A69: CerviScan | B69: CS-26-3406 | C69: =INDEX('3 Mock CerviScan'!$F$3:$F$302,MATCH(B69,'3 Mock CerviScan'!$B$3:$B$302,0)) -> P-0067 | D69: =IFERROR(AVERAGEIFS('3 Mock CerviScan'!$E$3:$E$302,'3 Mock CerviScan'!$B$3:$B$302,$B69,'3 Mock CerviScan'!$C$3:$C$302,"HPV16"),"") | E69: =IFERROR(AVERAGEIFS('3 Mock CerviScan'!$E$3:$E$302,'3 Mock CerviScan'!$B$3:$B$302,$B69,'3 Mock CerviScan'!$C$3:$C$302,"HPV18"),"") | F69: =IFERROR(AVERAGEIFS('3 Mock CerviScan'!$E$3:$E$302,'3 Mock CerviScan'!$B$3:$B$302,$B69,'3 Mock CerviScan'!$C$3:$C$302,"HPV52"),"") | G69: =IFERROR(AVERAGEIFS('3 Mock CerviScan'!$E$3:$E$302,'3 Mock CerviScan'!$B$3:$B$302,$B69,'3 Mock CerviScan'!$C$3:$C$302,"HR lain (11 tipe)"),"") | H69: =IFERROR(AVERAGEIFS('3 Mock CerviScan'!$E$3:$E$302,'3 Mock CerviScan'!$B$3:$B$302,$B69,'3 Mock CerviScan'!$C$3:$C$302,"Beta-globin (IC)"),"") -> 28.1 | I69: =IF(L69="Tidak","Invalid",IF(AND(ISNUMBER(D69),D69<'Baca Dulu'!$B$13),"Positif","Negatif")) -> Negatif | J69: =IF(L69="Tidak","Invalid",IF(AND(ISNUMBER(E69),E69<'Baca Dulu'!$B$13),"Positif","Negatif")) -> Negatif | K69: =IF(L69="Tidak","Invalid",IF(OR(AND(ISNUMBER(F69),F69<'Baca Dulu'!$B$13),AND(ISNUMBER(G69),G69<'Baca Dulu'!$B$13)),"Positif","Negatif")) -> Negatif | L69: =IF(AND(ISNUMBER(H69),H69<='Baca Dulu'!$B$14),"Ya","Tidak") -> Ya | M69: =IF(L69="Tidak","Invalid",IF(OR(I69="Positif",J69="Positif"),"Positif 16/18",IF(K69="Positif","Positif lain","Negatif"))) -> Negatif | N69: =IF(AND(L69="Ya",COUNT(D69:G69)>0),MIN(D69:G69)-H69,"") | O69: =INDEX('3 Mock CerviScan'!$H$3:$H$302,MATCH(B69,'3 Mock CerviScan'!$B$3:$B$302,0)) -> 46306 | P69: Ct per kanal + kontrol internal
A70: CerviScan | B70: CS-26-3407 | C70: =INDEX('3 Mock CerviScan'!$F$3:$F$302,MATCH(B70,'3 Mock CerviScan'!$B$3:$B$302,0)) -> P-0068 | D70: =IFERROR(AVERAGEIFS('3 Mock CerviScan'!$E$3:$E$302,'3 Mock CerviScan'!$B$3:$B$302,$B70,'3 Mock CerviScan'!$C$3:$C$302,"HPV16"),"") | E70: =IFERROR(AVERAGEIFS('3 Mock CerviScan'!$E$3:$E$302,'3 Mock CerviScan'!$B$3:$B$302,$B70,'3 Mock CerviScan'!$C$3:$C$302,"HPV18"),"") | F70: =IFERROR(AVERAGEIFS('3 Mock CerviScan'!$E$3:$E$302,'3 Mock CerviScan'!$B$3:$B$302,$B70,'3 Mock CerviScan'!$C$3:$C$302,"HPV52"),"") | G70: =IFERROR(AVERAGEIFS('3 Mock CerviScan'!$E$3:$E$302,'3 Mock CerviScan'!$B$3:$B$302,$B70,'3 Mock CerviScan'!$C$3:$C$302,"HR lain (11 tipe)"),"") -> 23.5 | H70: =IFERROR(AVERAGEIFS('3 Mock CerviScan'!$E$3:$E$302,'3 Mock CerviScan'!$B$3:$B$302,$B70,'3 Mock CerviScan'!$C$3:$C$302,"Beta-globin (IC)"),"") -> 27.6 | I70: =IF(L70="Tidak","Invalid",IF(AND(ISNUMBER(D70),D70<'Baca Dulu'!$B$13),"Positif","Negatif")) -> Negatif | J70: =IF(L70="Tidak","Invalid",IF(AND(ISNUMBER(E70),E70<'Baca Dulu'!$B$13),"Positif","Negatif")) -> Negatif | K70: =IF(L70="Tidak","Invalid",IF(OR(AND(ISNUMBER(F70),F70<'Baca Dulu'!$B$13),AND(ISNUMBER(G70),G70<'Baca Dulu'!$B$13)),"Positif","Negatif")) -> Positif | L70: =IF(AND(ISNUMBER(H70),H70<='Baca Dulu'!$B$14),"Ya","Tidak") -> Ya | M70: =IF(L70="Tidak","Invalid",IF(OR(I70="Positif",J70="Positif"),"Positif 16/18",IF(K70="Positif","Positif lain","Negatif"))) -> Positif lain | N70: =IF(AND(L70="Ya",COUNT(D70:G70)>0),MIN(D70:G70)-H70,"") -> -4.1 | O70: =INDEX('3 Mock CerviScan'!$H$3:$H$302,MATCH(B70,'3 Mock CerviScan'!$B$3:$B$302,0)) -> 46311 | P70: Ct per kanal + kontrol internal
A71: CerviScan | B71: CS-26-3408 | C71: =INDEX('3 Mock CerviScan'!$F$3:$F$302,MATCH(B71,'3 Mock CerviScan'!$B$3:$B$302,0)) -> P-0069 | D71: =IFERROR(AVERAGEIFS('3 Mock CerviScan'!$E$3:$E$302,'3 Mock CerviScan'!$B$3:$B$302,$B71,'3 Mock CerviScan'!$C$3:$C$302,"HPV16"),"") | E71: =IFERROR(AVERAGEIFS('3 Mock CerviScan'!$E$3:$E$302,'3 Mock CerviScan'!$B$3:$B$302,$B71,'3 Mock CerviScan'!$C$3:$C$302,"HPV18"),"") | F71: =IFERROR(AVERAGEIFS('3 Mock CerviScan'!$E$3:$E$302,'3 Mock CerviScan'!$B$3:$B$302,$B71,'3 Mock CerviScan'!$C$3:$C$302,"HPV52"),"") | G71: =IFERROR(AVERAGEIFS('3 Mock CerviScan'!$E$3:$E$302,'3 Mock CerviScan'!$B$3:$B$302,$B71,'3 Mock CerviScan'!$C$3:$C$302,"HR lain (11 tipe)"),"") | H71: =IFERROR(AVERAGEIFS('3 Mock CerviScan'!$E$3:$E$302,'3 Mock CerviScan'!$B$3:$B$302,$B71,'3 Mock CerviScan'!$C$3:$C$302,"Beta-globin (IC)"),"") -> 27.4 | I71: =IF(L71="Tidak","Invalid",IF(AND(ISNUMBER(D71),D71<'Baca Dulu'!$B$13),"Positif","Negatif")) -> Negatif | J71: =IF(L71="Tidak","Invalid",IF(AND(ISNUMBER(E71),E71<'Baca Dulu'!$B$13),"Positif","Negatif")) -> Negatif | K71: =IF(L71="Tidak","Invalid",IF(OR(AND(ISNUMBER(F71),F71<'Baca Dulu'!$B$13),AND(ISNUMBER(G71),G71<'Baca Dulu'!$B$13)),"Positif","Negatif")) -> Negatif | L71: =IF(AND(ISNUMBER(H71),H71<='Baca Dulu'!$B$14),"Ya","Tidak") -> Ya | M71: =IF(L71="Tidak","Invalid",IF(OR(I71="Positif",J71="Positif"),"Positif 16/18",IF(K71="Positif","Positif lain","Negatif"))) -> Negatif | N71: =IF(AND(L71="Ya",COUNT(D71:G71)>0),MIN(D71:G71)-H71,"") | O71: =INDEX('3 Mock CerviScan'!$H$3:$H$302,MATCH(B71,'3 Mock CerviScan'!$B$3:$B$302,0)) -> 46310 | P71: Ct per kanal + kontrol internal
A72: CerviScan | B72: CS-26-3409 | C72: =INDEX('3 Mock CerviScan'!$F$3:$F$302,MATCH(B72,'3 Mock CerviScan'!$B$3:$B$302,0)) -> P-0070 | D72: =IFERROR(AVERAGEIFS('3 Mock CerviScan'!$E$3:$E$302,'3 Mock CerviScan'!$B$3:$B$302,$B72,'3 Mock CerviScan'!$C$3:$C$302,"HPV16"),"") | E72: =IFERROR(AVERAGEIFS('3 Mock CerviScan'!$E$3:$E$302,'3 Mock CerviScan'!$B$3:$B$302,$B72,'3 Mock CerviScan'!$C$3:$C$302,"HPV18"),"") | F72: =IFERROR(AVERAGEIFS('3 Mock CerviScan'!$E$3:$E$302,'3 Mock CerviScan'!$B$3:$B$302,$B72,'3 Mock CerviScan'!$C$3:$C$302,"HPV52"),"") | G72: =IFERROR(AVERAGEIFS('3 Mock CerviScan'!$E$3:$E$302,'3 Mock CerviScan'!$B$3:$B$302,$B72,'3 Mock CerviScan'!$C$3:$C$302,"HR lain (11 tipe)"),"") | H72: =IFERROR(AVERAGEIFS('3 Mock CerviScan'!$E$3:$E$302,'3 Mock CerviScan'!$B$3:$B$302,$B72,'3 Mock CerviScan'!$C$3:$C$302,"Beta-globin (IC)"),"") -> 26.2 | I72: =IF(L72="Tidak","Invalid",IF(AND(ISNUMBER(D72),D72<'Baca Dulu'!$B$13),"Positif","Negatif")) -> Negatif | J72: =IF(L72="Tidak","Invalid",IF(AND(ISNUMBER(E72),E72<'Baca Dulu'!$B$13),"Positif","Negatif")) -> Negatif | K72: =IF(L72="Tidak","Invalid",IF(OR(AND(ISNUMBER(F72),F72<'Baca Dulu'!$B$13),AND(ISNUMBER(G72),G72<'Baca Dulu'!$B$13)),"Positif","Negatif")) -> Negatif | L72: =IF(AND(ISNUMBER(H72),H72<='Baca Dulu'!$B$14),"Ya","Tidak") -> Ya | M72: =IF(L72="Tidak","Invalid",IF(OR(I72="Positif",J72="Positif"),"Positif 16/18",IF(K72="Positif","Positif lain","Negatif"))) -> Negatif | N72: =IF(AND(L72="Ya",COUNT(D72:G72)>0),MIN(D72:G72)-H72,"") | O72: =INDEX('3 Mock CerviScan'!$H$3:$H$302,MATCH(B72,'3 Mock CerviScan'!$B$3:$B$302,0)) -> 46310 | P72: Ct per kanal + kontrol internal
A73: CerviScan | B73: CS-26-3410 | C73: =INDEX('3 Mock CerviScan'!$F$3:$F$302,MATCH(B73,'3 Mock CerviScan'!$B$3:$B$302,0)) -> P-0071 | D73: =IFERROR(AVERAGEIFS('3 Mock CerviScan'!$E$3:$E$302,'3 Mock CerviScan'!$B$3:$B$302,$B73,'3 Mock CerviScan'!$C$3:$C$302,"HPV16"),"") | E73: =IFERROR(AVERAGEIFS('3 Mock CerviScan'!$E$3:$E$302,'3 Mock CerviScan'!$B$3:$B$302,$B73,'3 Mock CerviScan'!$C$3:$C$302,"HPV18"),"") | F73: =IFERROR(AVERAGEIFS('3 Mock CerviScan'!$E$3:$E$302,'3 Mock CerviScan'!$B$3:$B$302,$B73,'3 Mock CerviScan'!$C$3:$C$302,"HPV52"),"") | G73: =IFERROR(AVERAGEIFS('3 Mock CerviScan'!$E$3:$E$302,'3 Mock CerviScan'!$B$3:$B$302,$B73,'3 Mock CerviScan'!$C$3:$C$302,"HR lain (11 tipe)"),"") | H73: =IFERROR(AVERAGEIFS('3 Mock CerviScan'!$E$3:$E$302,'3 Mock CerviScan'!$B$3:$B$302,$B73,'3 Mock CerviScan'!$C$3:$C$302,"Beta-globin (IC)"),"") -> 36.9 | I73: =IF(L73="Tidak","Invalid",IF(AND(ISNUMBER(D73),D73<'Baca Dulu'!$B$13),"Positif","Negatif")) -> Invalid | J73: =IF(L73="Tidak","Invalid",IF(AND(ISNUMBER(E73),E73<'Baca Dulu'!$B$13),"Positif","Negatif")) -> Invalid | K73: =IF(L73="Tidak","Invalid",IF(OR(AND(ISNUMBER(F73),F73<'Baca Dulu'!$B$13),AND(ISNUMBER(G73),G73<'Baca Dulu'!$B$13)),"Positif","Negatif")) -> Invalid | L73: =IF(AND(ISNUMBER(H73),H73<='Baca Dulu'!$B$14),"Ya","Tidak") -> Tidak | M73: =IF(L73="Tidak","Invalid",IF(OR(I73="Positif",J73="Positif"),"Positif 16/18",IF(K73="Positif","Positif lain","Negatif"))) -> Invalid | N73: =IF(AND(L73="Ya",COUNT(D73:G73)>0),MIN(D73:G73)-H73,"") | O73: =INDEX('3 Mock CerviScan'!$H$3:$H$302,MATCH(B73,'3 Mock CerviScan'!$B$3:$B$302,0)) -> 46305 | P73: Ct per kanal + kontrol internal
A74: CerviScan | B74: CS-26-3411 | C74: =INDEX('3 Mock CerviScan'!$F$3:$F$302,MATCH(B74,'3 Mock CerviScan'!$B$3:$B$302,0)) -> P-0072 | D74: =IFERROR(AVERAGEIFS('3 Mock CerviScan'!$E$3:$E$302,'3 Mock CerviScan'!$B$3:$B$302,$B74,'3 Mock CerviScan'!$C$3:$C$302,"HPV16"),"") | E74: =IFERROR(AVERAGEIFS('3 Mock CerviScan'!$E$3:$E$302,'3 Mock CerviScan'!$B$3:$B$302,$B74,'3 Mock CerviScan'!$C$3:$C$302,"HPV18"),"") | F74: =IFERROR(AVERAGEIFS('3 Mock CerviScan'!$E$3:$E$302,'3 Mock CerviScan'!$B$3:$B$302,$B74,'3 Mock CerviScan'!$C$3:$C$302,"HPV52"),"") | G74: =IFERROR(AVERAGEIFS('3 Mock CerviScan'!$E$3:$E$302,'3 Mock CerviScan'!$B$3:$B$302,$B74,'3 Mock CerviScan'!$C$3:$C$302,"HR lain (11 tipe)"),"") | H74: =IFERROR(AVERAGEIFS('3 Mock CerviScan'!$E$3:$E$302,'3 Mock CerviScan'!$B$3:$B$302,$B74,'3 Mock CerviScan'!$C$3:$C$302,"Beta-globin (IC)"),"") -> 29.7 | I74: =IF(L74="Tidak","Invalid",IF(AND(ISNUMBER(D74),D74<'Baca Dulu'!$B$13),"Positif","Negatif")) -> Negatif | J74: =IF(L74="Tidak","Invalid",IF(AND(ISNUMBER(E74),E74<'Baca Dulu'!$B$13),"Positif","Negatif")) -> Negatif | K74: =IF(L74="Tidak","Invalid",IF(OR(AND(ISNUMBER(F74),F74<'Baca Dulu'!$B$13),AND(ISNUMBER(G74),G74<'Baca Dulu'!$B$13)),"Positif","Negatif")) -> Negatif | L74: =IF(AND(ISNUMBER(H74),H74<='Baca Dulu'!$B$14),"Ya","Tidak") -> Ya | M74: =IF(L74="Tidak","Invalid",IF(OR(I74="Positif",J74="Positif"),"Positif 16/18",IF(K74="Positif","Positif lain","Negatif"))) -> Negatif | N74: =IF(AND(L74="Ya",COUNT(D74:G74)>0),MIN(D74:G74)-H74,"") | O74: =INDEX('3 Mock CerviScan'!$H$3:$H$302,MATCH(B74,'3 Mock CerviScan'!$B$3:$B$302,0)) -> 46306 | P74: Ct per kanal + kontrol internal
... A122: CerviScan | B122: CS-26-3459 | C122: =INDEX('3 Mock CerviScan'!$F$3:$F$302,MATCH(B122,'3 Mock CerviScan'!$B$3:$B$302,0)) -> P-0120 | D122: =IFERROR(AVERAGEIFS('3 Mock CerviScan'!$E$3:$E$302,'3 Mock CerviScan'!$B$3:$B$302,$B122,'3 Mock CerviScan'!$C$3:$C$302,"HPV16"),"") | E122: =IFERROR(AVERAGEIFS('3 Mock CerviScan'!$E$3:$E$302,'3 Mock CerviScan'!$B$3:$B$302,$B122,'3 Mock CerviScan'!$C$3:$C$302,"HPV18"),"") | F122: =IFERROR(AVERAGEIFS('3 Mock CerviScan'!$E$3:$E$302,'3 Mock CerviScan'!$B$3:$B$302,$B122,'3 Mock CerviScan'!$C$3:$C$302,"HPV52"),"") | G122: =IFERROR(AVERAGEIFS('3 Mock CerviScan'!$E$3:$E$302,'3 Mock CerviScan'!$B$3:$B$302,$B122,'3 Mock CerviScan'!$C$3:$C$302,"HR lain (11 tipe)"),"") | H122: =IFERROR(AVERAGEIFS('3 Mock CerviScan'!$E$3:$E$302,'3 Mock CerviScan'!$B$3:$B$302,$B122,'3 Mock CerviScan'!$C$3:$C$302,"Beta-globin (IC)"),"") -> 29.6 | I122: =IF(L122="Tidak","Invalid",IF(AND(ISNUMBER(D122),D122<'Baca Dulu'!$B$13),"Positif","Negatif")) -> Negatif | J122: =IF(L122="Tidak","Invalid",IF(AND(ISNUMBER(E122),E122<'Baca Dulu'!$B$13),"Positif","Negatif")) -> Negatif | K122: =IF(L122="Tidak","Invalid",IF(OR(AND(ISNUMBER(F122),F122<'Baca Dulu'!$B$13),AND(ISNUMBER(G122),G122<'Baca Dulu'!$B$13)),"Positif","Negatif")) -> Negatif | L122: =IF(AND(ISNUMBER(H122),H122<='Baca Dulu'!$B$14),"Ya","Tidak") -> Ya | M122: =IF(L122="Tidak","Invalid",IF(OR(I122="Positif",J122="Positif"),"Positif 16/18",IF(K122="Positif","Positif lain","Negatif"))) -> Negatif | N122: =IF(AND(L122="Ya",COUNT(D122:G122)>0),MIN(D122:G122)-H122,"") | O122: =INDEX('3 Mock CerviScan'!$H$3:$H$302,MATCH(B122,'3 Mock CerviScan'!$B$3:$B$302,0)) -> 46314 | P122: Ct per kanal + kontrol internal
A123: cobas | B123: ='4 Mock cobas'!A3 -> CB-26-8800 | C123: ='4 Mock cobas'!B3 -> P-0121 | I123: =IF('4 Mock cobas'!F3="Invalid","Invalid",IF('4 Mock cobas'!C3="POS","Positif","Negatif")) -> Negatif | J123: =IF('4 Mock cobas'!F3="Invalid","Invalid",IF('4 Mock cobas'!D3="POS","Positif","Negatif")) -> Negatif | K123: =IF('4 Mock cobas'!F3="Invalid","Invalid",IF('4 Mock cobas'!E3="POS","Positif","Negatif")) -> Negatif | L123: =IF('4 Mock cobas'!F3="Valid","Ya","Tidak") -> Ya | M123: =IF(L123="Tidak","Invalid",IF(OR(I123="Positif",J123="Positif"),"Positif 16/18",IF(K123="Positif","Positif lain","Negatif"))) -> Negatif | N123: ="Perlu cek" -> Perlu cek | O123: ='4 Mock cobas'!I3 -> 46313 | P123: Kategori saja (Ct perlu cek)
A124: cobas | B124: ='4 Mock cobas'!A4 -> CB-26-8801 | C124: ='4 Mock cobas'!B4 -> P-0122 | I124: =IF('4 Mock cobas'!F4="Invalid","Invalid",IF('4 Mock cobas'!C4="POS","Positif","Negatif")) -> Negatif | J124: =IF('4 Mock cobas'!F4="Invalid","Invalid",IF('4 Mock cobas'!D4="POS","Positif","Negatif")) -> Negatif | K124: =IF('4 Mock cobas'!F4="Invalid","Invalid",IF('4 Mock cobas'!E4="POS","Positif","Negatif")) -> Negatif | L124: =IF('4 Mock cobas'!F4="Valid","Ya","Tidak") -> Ya | M124: =IF(L124="Tidak","Invalid",IF(OR(I124="Positif",J124="Positif"),"Positif 16/18",IF(K124="Positif","Positif lain","Negatif"))) -> Negatif | N124: ="Perlu cek" -> Perlu cek | O124: ='4 Mock cobas'!I4 -> 46306 | P124: Kategori saja (Ct perlu cek)
A125: cobas | B125: ='4 Mock cobas'!A5 -> CB-26-8802 | C125: ='4 Mock cobas'!B5 -> P-0123 | I125: =IF('4 Mock cobas'!F5="Invalid","Invalid",IF('4 Mock cobas'!C5="POS","Positif","Negatif")) -> Negatif | J125: =IF('4 Mock cobas'!F5="Invalid","Invalid",IF('4 Mock cobas'!D5="POS","Positif","Negatif")) -> Negatif | K125: =IF('4 Mock cobas'!F5="Invalid","Invalid",IF('4 Mock cobas'!E5="POS","Positif","Negatif")) -> Negatif | L125: =IF('4 Mock cobas'!F5="Valid","Ya","Tidak") -> Ya | M125: =IF(L125="Tidak","Invalid",IF(OR(I125="Positif",J125="Positif"),"Positif 16/18",IF(K125="Positif","Positif lain","Negatif"))) -> Negatif | N125: ="Perlu cek" -> Perlu cek | O125: ='4 Mock cobas'!I5 -> 46305 | P125: Kategori saja (Ct perlu cek)
A126: cobas | B126: ='4 Mock cobas'!A6 -> CB-26-8803 | C126: ='4 Mock cobas'!B6 -> P-0124 | I126: =IF('4 Mock cobas'!F6="Invalid","Invalid",IF('4 Mock cobas'!C6="POS","Positif","Negatif")) -> Positif | J126: =IF('4 Mock cobas'!F6="Invalid","Invalid",IF('4 Mock cobas'!D6="POS","Positif","Negatif")) -> Negatif | K126: =IF('4 Mock cobas'!F6="Invalid","Invalid",IF('4 Mock cobas'!E6="POS","Positif","Negatif")) -> Negatif | L126: =IF('4 Mock cobas'!F6="Valid","Ya","Tidak") -> Ya | M126: =IF(L126="Tidak","Invalid",IF(OR(I126="Positif",J126="Positif"),"Positif 16/18",IF(K126="Positif","Positif lain","Negatif"))) -> Positif 16/18 | N126: ="Perlu cek" -> Perlu cek | O126: ='4 Mock cobas'!I6 -> 46304 | P126: Kategori saja (Ct perlu cek)
A127: cobas | B127: ='4 Mock cobas'!A7 -> CB-26-8804 | C127: ='4 Mock cobas'!B7 -> P-0125 | I127: =IF('4 Mock cobas'!F7="Invalid","Invalid",IF('4 Mock cobas'!C7="POS","Positif","Negatif")) -> Negatif | J127: =IF('4 Mock cobas'!F7="Invalid","Invalid",IF('4 Mock cobas'!D7="POS","Positif","Negatif")) -> Negatif | K127: =IF('4 Mock cobas'!F7="Invalid","Invalid",IF('4 Mock cobas'!E7="POS","Positif","Negatif")) -> Negatif | L127: =IF('4 Mock cobas'!F7="Valid","Ya","Tidak") -> Ya | M127: =IF(L127="Tidak","Invalid",IF(OR(I127="Positif",J127="Positif"),"Positif 16/18",IF(K127="Positif","Positif lain","Negatif"))) -> Negatif | N127: ="Perlu cek" -> Perlu cek | O127: ='4 Mock cobas'!I7 -> 46306 | P127: Kategori saja (Ct perlu cek)
A128: cobas | B128: ='4 Mock cobas'!A8 -> CB-26-8805 | C128: ='4 Mock cobas'!B8 -> P-0126 | I128: =IF('4 Mock cobas'!F8="Invalid","Invalid",IF('4 Mock cobas'!C8="POS","Positif","Negatif")) -> Negatif | J128: =IF('4 Mock cobas'!F8="Invalid","Invalid",IF('4 Mock cobas'!D8="POS","Positif","Negatif")) -> Negatif | K128: =IF('4 Mock cobas'!F8="Invalid","Invalid",IF('4 Mock cobas'!E8="POS","Positif","Negatif")) -> Negatif | L128: =IF('4 Mock cobas'!F8="Valid","Ya","Tidak") -> Ya | M128: =IF(L128="Tidak","Invalid",IF(OR(I128="Positif",J128="Positif"),"Positif 16/18",IF(K128="Positif","Positif lain","Negatif"))) -> Negatif | N128: ="Perlu cek" -> Perlu cek | O128: ='4 Mock cobas'!I8 -> 46304 | P128: Kategori saja (Ct perlu cek)
A129: cobas | B129: ='4 Mock cobas'!A9 -> CB-26-8806 | C129: ='4 Mock cobas'!B9 -> P-0127 | I129: =IF('4 Mock cobas'!F9="Invalid","Invalid",IF('4 Mock cobas'!C9="POS","Positif","Negatif")) -> Negatif | J129: =IF('4 Mock cobas'!F9="Invalid","Invalid",IF('4 Mock cobas'!D9="POS","Positif","Negatif")) -> Negatif | K129: =IF('4 Mock cobas'!F9="Invalid","Invalid",IF('4 Mock cobas'!E9="POS","Positif","Negatif")) -> Negatif | L129: =IF('4 Mock cobas'!F9="Valid","Ya","Tidak") -> Ya | M129: =IF(L129="Tidak","Invalid",IF(OR(I129="Positif",J129="Positif"),"Positif 16/18",IF(K129="Positif","Positif lain","Negatif"))) -> Negatif | N129: ="Perlu cek" -> Perlu cek | O129: ='4 Mock cobas'!I9 -> 46313 | P129: Kategori saja (Ct perlu cek)
A130: cobas | B130: ='4 Mock cobas'!A10 -> CB-26-8807 | C130: ='4 Mock cobas'!B10 -> P-0128 | I130: =IF('4 Mock cobas'!F10="Invalid","Invalid",IF('4 Mock cobas'!C10="POS","Positif","Negatif")) -> Negatif | J130: =IF('4 Mock cobas'!F10="Invalid","Invalid",IF('4 Mock cobas'!D10="POS","Positif","Negatif")) -> Negatif | K130: =IF('4 Mock cobas'!F10="Invalid","Invalid",IF('4 Mock cobas'!E10="POS","Positif","Negatif")) -> Positif | L130: =IF('4 Mock cobas'!F10="Valid","Ya","Tidak") -> Ya | M130: =IF(L130="Tidak","Invalid",IF(OR(I130="Positif",J130="Positif"),"Positif 16/18",IF(K130="Positif","Positif lain","Negatif"))) -> Positif lain | N130: ="Perlu cek" -> Perlu cek | O130: ='4 Mock cobas'!I10 -> 46313 | P130: Kategori saja (Ct perlu cek)
A131: cobas | B131: ='4 Mock cobas'!A11 -> CB-26-8808 | C131: ='4 Mock cobas'!B11 -> P-0129 | I131: =IF('4 Mock cobas'!F11="Invalid","Invalid",IF('4 Mock cobas'!C11="POS","Positif","Negatif")) -> Invalid | J131: =IF('4 Mock cobas'!F11="Invalid","Invalid",IF('4 Mock cobas'!D11="POS","Positif","Negatif")) -> Invalid | K131: =IF('4 Mock cobas'!F11="Invalid","Invalid",IF('4 Mock cobas'!E11="POS","Positif","Negatif")) -> Invalid | L131: =IF('4 Mock cobas'!F11="Valid","Ya","Tidak") -> Tidak | M131: =IF(L131="Tidak","Invalid",IF(OR(I131="Positif",J131="Positif"),"Positif 16/18",IF(K131="Positif","Positif lain","Negatif"))) -> Invalid | N131: ="Perlu cek" -> Perlu cek | O131: ='4 Mock cobas'!I11 -> 46312 | P131: Kategori saja (Ct perlu cek)
A132: cobas | B132: ='4 Mock cobas'!A12 -> CB-26-8809 | C132: ='4 Mock cobas'!B12 -> P-0130 | I132: =IF('4 Mock cobas'!F12="Invalid","Invalid",IF('4 Mock cobas'!C12="POS","Positif","Negatif")) -> Negatif | J132: =IF('4 Mock cobas'!F12="Invalid","Invalid",IF('4 Mock cobas'!D12="POS","Positif","Negatif")) -> Negatif | K132: =IF('4 Mock cobas'!F12="Invalid","Invalid",IF('4 Mock cobas'!E12="POS","Positif","Negatif")) -> Negatif | L132: =IF('4 Mock cobas'!F12="Valid","Ya","Tidak") -> Ya | M132: =IF(L132="Tidak","Invalid",IF(OR(I132="Positif",J132="Positif"),"Positif 16/18",IF(K132="Positif","Positif lain","Negatif"))) -> Negatif | N132: ="Perlu cek" -> Perlu cek | O132: ='4 Mock cobas'!I12 -> 46309 | P132: Kategori saja (Ct perlu cek)
A133: cobas | B133: ='4 Mock cobas'!A13 -> CB-26-8810 | C133: ='4 Mock cobas'!B13 -> P-0131 | I133: =IF('4 Mock cobas'!F13="Invalid","Invalid",IF('4 Mock cobas'!C13="POS","Positif","Negatif")) -> Negatif | J133: =IF('4 Mock cobas'!F13="Invalid","Invalid",IF('4 Mock cobas'!D13="POS","Positif","Negatif")) -> Negatif | K133: =IF('4 Mock cobas'!F13="Invalid","Invalid",IF('4 Mock cobas'!E13="POS","Positif","Negatif")) -> Negatif | L133: =IF('4 Mock cobas'!F13="Valid","Ya","Tidak") -> Ya | M133: =IF(L133="Tidak","Invalid",IF(OR(I133="Positif",J133="Positif"),"Positif 16/18",IF(K133="Positif","Positif lain","Negatif"))) -> Negatif | N133: ="Perlu cek" -> Perlu cek | O133: ='4 Mock cobas'!I13 -> 46310 | P133: Kategori saja (Ct perlu cek)
A134: cobas | B134: ='4 Mock cobas'!A14 -> CB-26-8811 | C134: ='4 Mock cobas'!B14 -> P-0132 | I134: =IF('4 Mock cobas'!F14="Invalid","Invalid",IF('4 Mock cobas'!C14="POS","Positif","Negatif")) -> Negatif | J134: =IF('4 Mock cobas'!F14="Invalid","Invalid",IF('4 Mock cobas'!D14="POS","Positif","Negatif")) -> Negatif | K134: =IF('4 Mock cobas'!F14="Invalid","Invalid",IF('4 Mock cobas'!E14="POS","Positif","Negatif")) -> Negatif | L134: =IF('4 Mock cobas'!F14="Valid","Ya","Tidak") -> Ya | M134: =IF(L134="Tidak","Invalid",IF(OR(I134="Positif",J134="Positif"),"Positif 16/18",IF(K134="Positif","Positif lain","Negatif"))) -> Negatif | N134: ="Perlu cek" -> Perlu cek | O134: ='4 Mock cobas'!I14 -> 46315 | P134: Kategori saja (Ct perlu cek)
... A182: cobas | B182: ='4 Mock cobas'!A62 -> CB-26-8859 | C182: ='4 Mock cobas'!B62 -> P-0180 | I182: =IF('4 Mock cobas'!F62="Invalid","Invalid",IF('4 Mock cobas'!C62="POS","Positif","Negatif")) -> Negatif | J182: =IF('4 Mock cobas'!F62="Invalid","Invalid",IF('4 Mock cobas'!D62="POS","Positif","Negatif")) -> Negatif | K182: =IF('4 Mock cobas'!F62="Invalid","Invalid",IF('4 Mock cobas'!E62="POS","Positif","Negatif")) -> Negatif | L182: =IF('4 Mock cobas'!F62="Valid","Ya","Tidak") -> Ya | M182: =IF(L182="Tidak","Invalid",IF(OR(I182="Positif",J182="Positif"),"Positif 16/18",IF(K182="Positif","Positif lain","Negatif"))) -> Negatif | N182: ="Perlu cek" -> Perlu cek | O182: ='4 Mock cobas'!I62 -> 46311 | P182: Kategori saja (Ct perlu cek)

Sheet 6 Tindak Lanjut
A1: Data tindak lanjut yang dicatat software (sama untuk ketiga alat). Kolom biru = contoh isian kader/bidan; kolom hitam = rumus.
A2: id_perempuan | B2: sumber_alat | C2: kategori (rumus) | D2: tgl_hasil (rumus) | E2: tgl_dihubungi_kader | F2: hari_ke_kontak (rumus) | G2: tgl_iva | H2: hari_ke_iva (rumus) | I2: iva_dalam_target (rumus) | J2: hasil_iva | K2: tindakan | L2: histologi | M2: tgl_recall (rumus)
A3: ='5 Format Standar'!C3 -> P-0001 | B3: ='5 Format Standar'!A3 -> NUSA HPV | C3: ='5 Format Standar'!M3 -> Negatif | D3: ='5 Format Standar'!O3 -> 46300 | F3: =IF(ISNUMBER(E3),E3-D3,"") | H3: =IF(ISNUMBER(G3),G3-D3,"") | I3: =IF(OR(C3="Positif 16/18",C3="Positif lain"),IF(AND(ISNUMBER(H3),H3<='Baca Dulu'!$B$16),"Ya","Tidak"),"") | M3: =IF(C3="Negatif",DATE(YEAR(D3)+'Baca Dulu'!$B$17,MONTH(D3),DAY(D3)),IF(AND(C3="Positif lain",J3="Negatif"),DATE(YEAR(G3)+'Baca Dulu'!$B$18,MONTH(G3),DAY(G3)),IF(AND(C3="Positif 16/18",J3="Negatif"),DATE(YEAR(G3)+'Baca Dulu'!$B$19,MONTH(G3),DAY(G3)),IF(C3="Invalid","Ambil ulang","Ditentukan bidan")))) -> 49953
A4: ='5 Format Standar'!C4 -> P-0002 | B4: ='5 Format Standar'!A4 -> NUSA HPV | C4: ='5 Format Standar'!M4 -> Negatif | D4: ='5 Format Standar'!O4 -> 46303 | F4: =IF(ISNUMBER(E4),E4-D4,"") | H4: =IF(ISNUMBER(G4),G4-D4,"") | I4: =IF(OR(C4="Positif 16/18",C4="Positif lain"),IF(AND(ISNUMBER(H4),H4<='Baca Dulu'!$B$16),"Ya","Tidak"),"") | M4: =IF(C4="Negatif",DATE(YEAR(D4)+'Baca Dulu'!$B$17,MONTH(D4),DAY(D4)),IF(AND(C4="Positif lain",J4="Negatif"),DATE(YEAR(G4)+'Baca Dulu'!$B$18,MONTH(G4),DAY(G4)),IF(AND(C4="Positif 16/18",J4="Negatif"),DATE(YEAR(G4)+'Baca Dulu'!$B$19,MONTH(G4),DAY(G4)),IF(C4="Invalid","Ambil ulang","Ditentukan bidan")))) -> 49956
A5: ='5 Format Standar'!C5 -> P-0003 | B5: ='5 Format Standar'!A5 -> NUSA HPV | C5: ='5 Format Standar'!M5 -> Negatif | D5: ='5 Format Standar'!O5 -> 46302 | F5: =IF(ISNUMBER(E5),E5-D5,"") | H5: =IF(ISNUMBER(G5),G5-D5,"") | I5: =IF(OR(C5="Positif 16/18",C5="Positif lain"),IF(AND(ISNUMBER(H5),H5<='Baca Dulu'!$B$16),"Ya","Tidak"),"") | M5: =IF(C5="Negatif",DATE(YEAR(D5)+'Baca Dulu'!$B$17,MONTH(D5),DAY(D5)),IF(AND(C5="Positif lain",J5="Negatif"),DATE(YEAR(G5)+'Baca Dulu'!$B$18,MONTH(G5),DAY(G5)),IF(AND(C5="Positif 16/18",J5="Negatif"),DATE(YEAR(G5)+'Baca Dulu'!$B$19,MONTH(G5),DAY(G5)),IF(C5="Invalid","Ambil ulang","Ditentukan bidan")))) -> 49955
A6: ='5 Format Standar'!C6 -> P-0004 | B6: ='5 Format Standar'!A6 -> NUSA HPV | C6: ='5 Format Standar'!M6 -> Negatif | D6: ='5 Format Standar'!O6 -> 46309 | F6: =IF(ISNUMBER(E6),E6-D6,"") | H6: =IF(ISNUMBER(G6),G6-D6,"") | I6: =IF(OR(C6="Positif 16/18",C6="Positif lain"),IF(AND(ISNUMBER(H6),H6<='Baca Dulu'!$B$16),"Ya","Tidak"),"") | M6: =IF(C6="Negatif",DATE(YEAR(D6)+'Baca Dulu'!$B$17,MONTH(D6),DAY(D6)),IF(AND(C6="Positif lain",J6="Negatif"),DATE(YEAR(G6)+'Baca Dulu'!$B$18,MONTH(G6),DAY(G6)),IF(AND(C6="Positif 16/18",J6="Negatif"),DATE(YEAR(G6)+'Baca Dulu'!$B$19,MONTH(G6),DAY(G6)),IF(C6="Invalid","Ambil ulang","Ditentukan bidan")))) -> 49962
A7: ='5 Format Standar'!C7 -> P-0005 | B7: ='5 Format Standar'!A7 -> NUSA HPV | C7: ='5 Format Standar'!M7 -> Negatif | D7: ='5 Format Standar'!O7 -> 46303 | F7: =IF(ISNUMBER(E7),E7-D7,"") | H7: =IF(ISNUMBER(G7),G7-D7,"") | I7: =IF(OR(C7="Positif 16/18",C7="Positif lain"),IF(AND(ISNUMBER(H7),H7<='Baca Dulu'!$B$16),"Ya","Tidak"),"") | M7: =IF(C7="Negatif",DATE(YEAR(D7)+'Baca Dulu'!$B$17,MONTH(D7),DAY(D7)),IF(AND(C7="Positif lain",J7="Negatif"),DATE(YEAR(G7)+'Baca Dulu'!$B$18,MONTH(G7),DAY(G7)),IF(AND(C7="Positif 16/18",J7="Negatif"),DATE(YEAR(G7)+'Baca Dulu'!$B$19,MONTH(G7),DAY(G7)),IF(C7="Invalid","Ambil ulang","Ditentukan bidan")))) -> 49956
A8: ='5 Format Standar'!C8 -> P-0006 | B8: ='5 Format Standar'!A8 -> NUSA HPV | C8: ='5 Format Standar'!M8 -> Negatif | D8: ='5 Format Standar'!O8 -> 46303 | F8: =IF(ISNUMBER(E8),E8-D8,"") | H8: =IF(ISNUMBER(G8),G8-D8,"") | I8: =IF(OR(C8="Positif 16/18",C8="Positif lain"),IF(AND(ISNUMBER(H8),H8<='Baca Dulu'!$B$16),"Ya","Tidak"),"") | M8: =IF(C8="Negatif",DATE(YEAR(D8)+'Baca Dulu'!$B$17,MONTH(D8),DAY(D8)),IF(AND(C8="Positif lain",J8="Negatif"),DATE(YEAR(G8)+'Baca Dulu'!$B$18,MONTH(G8),DAY(G8)),IF(AND(C8="Positif 16/18",J8="Negatif"),DATE(YEAR(G8)+'Baca Dulu'!$B$19,MONTH(G8),DAY(G8)),IF(C8="Invalid","Ambil ulang","Ditentukan bidan")))) -> 49956
A9: ='5 Format Standar'!C9 -> P-0007 | B9: ='5 Format Standar'!A9 -> NUSA HPV | C9: ='5 Format Standar'!M9 -> Negatif | D9: ='5 Format Standar'!O9 -> 46306 | F9: =IF(ISNUMBER(E9),E9-D9,"") | H9: =IF(ISNUMBER(G9),G9-D9,"") | I9: =IF(OR(C9="Positif 16/18",C9="Positif lain"),IF(AND(ISNUMBER(H9),H9<='Baca Dulu'!$B$16),"Ya","Tidak"),"") | M9: =IF(C9="Negatif",DATE(YEAR(D9)+'Baca Dulu'!$B$17,MONTH(D9),DAY(D9)),IF(AND(C9="Positif lain",J9="Negatif"),DATE(YEAR(G9)+'Baca Dulu'!$B$18,MONTH(G9),DAY(G9)),IF(AND(C9="Positif 16/18",J9="Negatif"),DATE(YEAR(G9)+'Baca Dulu'!$B$19,MONTH(G9),DAY(G9)),IF(C9="Invalid","Ambil ulang","Ditentukan bidan")))) -> 49959
A10: ='5 Format Standar'!C10 -> P-0008 | B10: ='5 Format Standar'!A10 -> NUSA HPV | C10: ='5 Format Standar'!M10 -> Positif lain | D10: ='5 Format Standar'!O10 -> 46307 | E10: =D10+1 -> 46308 | F10: =IF(ISNUMBER(E10),E10-D10,"") -> 1 | G10: =D10+12 -> 46319 | H10: =IF(ISNUMBER(G10),G10-D10,"") -> 12 | I10: =IF(OR(C10="Positif 16/18",C10="Positif lain"),IF(AND(ISNUMBER(H10),H10<='Baca Dulu'!$B$16),"Ya","Tidak"),"") -> Ya | J10: Negatif | K10: Tidak perlu | L10: Tidak ada | M10: =IF(C10="Negatif",DATE(YEAR(D10)+'Baca Dulu'!$B$17,MONTH(D10),DAY(D10)),IF(AND(C10="Positif lain",J10="Negatif"),DATE(YEAR(G10)+'Baca Dulu'!$B$18,MONTH(G10),DAY(G10)),IF(AND(C10="Positif 16/18",J10="Negatif"),DATE(YEAR(G10)+'Baca Dulu'!$B$19,MONTH(G10),DAY(G10)),IF(C10="Invalid","Ambil ulang","Ditentukan bidan")))) -> 47415
A11: ='5 Format Standar'!C11 -> P-0009 | B11: ='5 Format Standar'!A11 -> NUSA HPV | C11: ='5 Format Standar'!M11 -> Negatif | D11: ='5 Format Standar'!O11 -> 46306 | F11: =IF(ISNUMBER(E11),E11-D11,"") | H11: =IF(ISNUMBER(G11),G11-D11,"") | I11: =IF(OR(C11="Positif 16/18",C11="Positif lain"),IF(AND(ISNUMBER(H11),H11<='Baca Dulu'!$B$16),"Ya","Tidak"),"") | M11: =IF(C11="Negatif",DATE(YEAR(D11)+'Baca Dulu'!$B$17,MONTH(D11),DAY(D11)),IF(AND(C11="Positif lain",J11="Negatif"),DATE(YEAR(G11)+'Baca Dulu'!$B$18,MONTH(G11),DAY(G11)),IF(AND(C11="Positif 16/18",J11="Negatif"),DATE(YEAR(G11)+'Baca Dulu'!$B$19,MONTH(G11),DAY(G11)),IF(C11="Invalid","Ambil ulang","Ditentukan bidan")))) -> 49959
A12: ='5 Format Standar'!C12 -> P-0010 | B12: ='5 Format Standar'!A12 -> NUSA HPV | C12: ='5 Format Standar'!M12 -> Negatif | D12: ='5 Format Standar'!O12 -> 46307 | F12: =IF(ISNUMBER(E12),E12-D12,"") | H12: =IF(ISNUMBER(G12),G12-D12,"") | I12: =IF(OR(C12="Positif 16/18",C12="Positif lain"),IF(AND(ISNUMBER(H12),H12<='Baca Dulu'!$B$16),"Ya","Tidak"),"") | M12: =IF(C12="Negatif",DATE(YEAR(D12)+'Baca Dulu'!$B$17,MONTH(D12),DAY(D12)),IF(AND(C12="Positif lain",J12="Negatif"),DATE(YEAR(G12)+'Baca Dulu'!$B$18,MONTH(G12),DAY(G12)),IF(AND(C12="Positif 16/18",J12="Negatif"),DATE(YEAR(G12)+'Baca Dulu'!$B$19,MONTH(G12),DAY(G12)),IF(C12="Invalid","Ambil ulang","Ditentukan bidan")))) -> 49960
A13: ='5 Format Standar'!C13 -> P-0011 | B13: ='5 Format Standar'!A13 -> NUSA HPV | C13: ='5 Format Standar'!M13 -> Positif lain | D13: ='5 Format Standar'!O13 -> 46301 | E13: =D13+2 -> 46303 | F13: =IF(ISNUMBER(E13),E13-D13,"") -> 2 | G13: =D13+25 -> 46326 | H13: =IF(ISNUMBER(G13),G13-D13,"") -> 25 | I13: =IF(OR(C13="Positif 16/18",C13="Positif lain"),IF(AND(ISNUMBER(H13),H13<='Baca Dulu'!$B$16),"Ya","Tidak"),"") -> Ya | J13: Positif <75% | K13: Krioterapi | L13: Tidak ada | M13: =IF(C13="Negatif",DATE(YEAR(D13)+'Baca Dulu'!$B$17,MONTH(D13),DAY(D13)),IF(AND(C13="Positif lain",J13="Negatif"),DATE(YEAR(G13)+'Baca Dulu'!$B$18,MONTH(G13),DAY(G13)),IF(AND(C13="Positif 16/18",J13="Negatif"),DATE(YEAR(G13)+'Baca Dulu'!$B$19,MONTH(G13),DAY(G13)),IF(C13="Invalid","Ambil ulang","Ditentukan bidan")))) -> Ditentukan bidan
A14: ='5 Format Standar'!C14 -> P-0012 | B14: ='5 Format Standar'!A14 -> NUSA HPV | C14: ='5 Format Standar'!M14 -> Negatif | D14: ='5 Format Standar'!O14 -> 46305 | F14: =IF(ISNUMBER(E14),E14-D14,"") | H14: =IF(ISNUMBER(G14),G14-D14,"") | I14: =IF(OR(C14="Positif 16/18",C14="Positif lain"),IF(AND(ISNUMBER(H14),H14<='Baca Dulu'!$B$16),"Ya","Tidak"),"") | M14: =IF(C14="Negatif",DATE(YEAR(D14)+'Baca Dulu'!$B$17,MONTH(D14),DAY(D14)),IF(AND(C14="Positif lain",J14="Negatif"),DATE(YEAR(G14)+'Baca Dulu'!$B$18,MONTH(G14),DAY(G14)),IF(AND(C14="Positif 16/18",J14="Negatif"),DATE(YEAR(G14)+'Baca Dulu'!$B$19,MONTH(G14),DAY(G14)),IF(C14="Invalid","Ambil ulang","Ditentukan bidan")))) -> 49958
A15: ='5 Format Standar'!C15 -> P-0013 | B15: ='5 Format Standar'!A15 -> NUSA HPV | C15: ='5 Format Standar'!M15 -> Negatif | D15: ='5 Format Standar'!O15 -> 46309 | F15: =IF(ISNUMBER(E15),E15-D15,"") | H15: =IF(ISNUMBER(G15),G15-D15,"") | I15: =IF(OR(C15="Positif 16/18",C15="Positif lain"),IF(AND(ISNUMBER(H15),H15<='Baca Dulu'!$B$16),"Ya","Tidak"),"") | M15: =IF(C15="Negatif",DATE(YEAR(D15)+'Baca Dulu'!$B$17,MONTH(D15),DAY(D15)),IF(AND(C15="Positif lain",J15="Negatif"),DATE(YEAR(G15)+'Baca Dulu'!$B$18,MONTH(G15),DAY(G15)),IF(AND(C15="Positif 16/18",J15="Negatif"),DATE(YEAR(G15)+'Baca Dulu'!$B$19,MONTH(G15),DAY(G15)),IF(C15="Invalid","Ambil ulang","Ditentukan bidan")))) -> 49962
A16: ='5 Format Standar'!C16 -> P-0014 | B16: ='5 Format Standar'!A16 -> NUSA HPV | C16: ='5 Format Standar'!M16 -> Positif lain | D16: ='5 Format Standar'!O16 -> 46309 | E16: =D16+1 -> 46310 | F16: =IF(ISNUMBER(E16),E16-D16,"") -> 1 | G16: =D16+18 -> 46327 | H16: =IF(ISNUMBER(G16),G16-D16,"") -> 18 | I16: =IF(OR(C16="Positif 16/18",C16="Positif lain"),IF(AND(ISNUMBER(H16),H16<='Baca Dulu'!$B$16),"Ya","Tidak"),"") -> Ya | J16: Negatif | K16: Tidak perlu | L16: Tidak ada | M16: =IF(C16="Negatif",DATE(YEAR(D16)+'Baca Dulu'!$B$17,MONTH(D16),DAY(D16)),IF(AND(C16="Positif lain",J16="Negatif"),DATE(YEAR(G16)+'Baca Dulu'!$B$18,MONTH(G16),DAY(G16)),IF(AND(C16="Positif 16/18",J16="Negatif"),DATE(YEAR(G16)+'Baca Dulu'!$B$19,MONTH(G16),DAY(G16)),IF(C16="Invalid","Ambil ulang","Ditentukan bidan")))) -> 47423
A17: ='5 Format Standar'!C17 -> P-0015 | B17: ='5 Format Standar'!A17 -> NUSA HPV | C17: ='5 Format Standar'!M17 -> Negatif | D17: ='5 Format Standar'!O17 -> 46301 | F17: =IF(ISNUMBER(E17),E17-D17,"") | H17: =IF(ISNUMBER(G17),G17-D17,"") | I17: =IF(OR(C17="Positif 16/18",C17="Positif lain"),IF(AND(ISNUMBER(H17),H17<='Baca Dulu'!$B$16),"Ya","Tidak"),"") | M17: =IF(C17="Negatif",DATE(YEAR(D17)+'Baca Dulu'!$B$17,MONTH(D17),DAY(D17)),IF(AND(C17="Positif lain",J17="Negatif"),DATE(YEAR(G17)+'Baca Dulu'!$B$18,MONTH(G17),DAY(G17)),IF(AND(C17="Positif 16/18",J17="Negatif"),DATE(YEAR(G17)+'Baca Dulu'!$B$19,MONTH(G17),DAY(G17)),IF(C17="Invalid","Ambil ulang","Ditentukan bidan")))) -> 49954
A18: ='5 Format Standar'!C18 -> P-0016 | B18: ='5 Format Standar'!A18 -> NUSA HPV | C18: ='5 Format Standar'!M18 -> Positif 16/18 | D18: ='5 Format Standar'!O18 -> 46300 | E18: =D18+3 -> 46303 | F18: =IF(ISNUMBER(E18),E18-D18,"") -> 3 | H18: =IF(ISNUMBER(G18),G18-D18,"") | I18: =IF(OR(C18="Positif 16/18",C18="Positif lain"),IF(AND(ISNUMBER(H18),H18<='Baca Dulu'!$B$16),"Ya","Tidak"),"") -> Tidak | M18: =IF(C18="Negatif",DATE(YEAR(D18)+'Baca Dulu'!$B$17,MONTH(D18),DAY(D18)),IF(AND(C18="Positif lain",J18="Negatif"),DATE(YEAR(G18)+'Baca Dulu'!$B$18,MONTH(G18),DAY(G18)),IF(AND(C18="Positif 16/18",J18="Negatif"),DATE(YEAR(G18)+'Baca Dulu'!$B$19,MONTH(G18),DAY(G18)),IF(C18="Invalid","Ambil ulang","Ditentukan bidan")))) -> Ditentukan bidan
A19: ='5 Format Standar'!C19 -> P-0017 | B19: ='5 Format Standar'!A19 -> NUSA HPV | C19: ='5 Format Standar'!M19 -> Negatif | D19: ='5 Format Standar'!O19 -> 46308 | F19: =IF(ISNUMBER(E19),E19-D19,"") | H19: =IF(ISNUMBER(G19),G19-D19,"") | I19: =IF(OR(C19="Positif 16/18",C19="Positif lain"),IF(AND(ISNUMBER(H19),H19<='Baca Dulu'!$B$16),"Ya","Tidak"),"") | M19: =IF(C19="Negatif",DATE(YEAR(D19)+'Baca Dulu'!$B$17,MONTH(D19),DAY(D19)),IF(AND(C19="Positif lain",J19="Negatif"),DATE(YEAR(G19)+'Baca Dulu'!$B$18,MONTH(G19),DAY(G19)),IF(AND(C19="Positif 16/18",J19="Negatif"),DATE(YEAR(G19)+'Baca Dulu'!$B$19,MONTH(G19),DAY(G19)),IF(C19="Invalid","Ambil ulang","Ditentukan bidan")))) -> 49961
A20: ='5 Format Standar'!C20 -> P-0018 | B20: ='5 Format Standar'!A20 -> NUSA HPV | C20: ='5 Format Standar'!M20 -> Negatif | D20: ='5 Format Standar'!O20 -> 46300 | F20: =IF(ISNUMBER(E20),E20-D20,"") | H20: =IF(ISNUMBER(G20),G20-D20,"") | I20: =IF(OR(C20="Positif 16/18",C20="Positif lain"),IF(AND(ISNUMBER(H20),H20<='Baca Dulu'!$B$16),"Ya","Tidak"),"") | M20: =IF(C20="Negatif",DATE(YEAR(D20)+'Baca Dulu'!$B$17,MONTH(D20),DAY(D20)),IF(AND(C20="Positif lain",J20="Negatif"),DATE(YEAR(G20)+'Baca Dulu'!$B$18,MONTH(G20),DAY(G20)),IF(AND(C20="Positif 16/18",J20="Negatif"),DATE(YEAR(G20)+'Baca Dulu'!$B$19,MONTH(G20),DAY(G20)),IF(C20="Invalid","Ambil ulang","Ditentukan bidan")))) -> 49953
A21: ='5 Format Standar'!C21 -> P-0019 | B21: ='5 Format Standar'!A21 -> NUSA HPV | C21: ='5 Format Standar'!M21 -> Positif lain | D21: ='5 Format Standar'!O21 -> 46305 | E21: =D21+2 -> 46307 | F21: =IF(ISNUMBER(E21),E21-D21,"") -> 2 | G21: =D21+33 -> 46338 | H21: =IF(ISNUMBER(G21),G21-D21,"") -> 33 | I21: =IF(OR(C21="Positif 16/18",C21="Positif lain"),IF(AND(ISNUMBER(H21),H21<='Baca Dulu'!$B$16),"Ya","Tidak"),"") -> Ya | J21: Negatif | K21: Tidak perlu | L21: Tidak ada | M21: =IF(C21="Negatif",DATE(YEAR(D21)+'Baca Dulu'!$B$17,MONTH(D21),DAY(D21)),IF(AND(C21="Positif lain",J21="Negatif"),DATE(YEAR(G21)+'Baca Dulu'!$B$18,MONTH(G21),DAY(G21)),IF(AND(C21="Positif 16/18",J21="Negatif"),DATE(YEAR(G21)+'Baca Dulu'!$B$19,MONTH(G21),DAY(G21)),IF(C21="Invalid","Ambil ulang","Ditentukan bidan")))) -> 47434
A22: ='5 Format Standar'!C22 -> P-0020 | B22: ='5 Format Standar'!A22 -> NUSA HPV | C22: ='5 Format Standar'!M22 -> Negatif | D22: ='5 Format Standar'!O22 -> 46305 | F22: =IF(ISNUMBER(E22),E22-D22,"") | H22: =IF(ISNUMBER(G22),G22-D22,"") | I22: =IF(OR(C22="Positif 16/18",C22="Positif lain"),IF(AND(ISNUMBER(H22),H22<='Baca Dulu'!$B$16),"Ya","Tidak"),"") | M22: =IF(C22="Negatif",DATE(YEAR(D22)+'Baca Dulu'!$B$17,MONTH(D22),DAY(D22)),IF(AND(C22="Positif lain",J22="Negatif"),DATE(YEAR(G22)+'Baca Dulu'!$B$18,MONTH(G22),DAY(G22)),IF(AND(C22="Positif 16/18",J22="Negatif"),DATE(YEAR(G22)+'Baca Dulu'!$B$19,MONTH(G22),DAY(G22)),IF(C22="Invalid","Ambil ulang","Ditentukan bidan")))) -> 49958
A23: ='5 Format Standar'!C23 -> P-0021 | B23: ='5 Format Standar'!A23 -> NUSA HPV | C23: ='5 Format Standar'!M23 -> Negatif | D23: ='5 Format Standar'!O23 -> 46303 | F23: =IF(ISNUMBER(E23),E23-D23,"") | H23: =IF(ISNUMBER(G23),G23-D23,"") | I23: =IF(OR(C23="Positif 16/18",C23="Positif lain"),IF(AND(ISNUMBER(H23),H23<='Baca Dulu'!$B$16),"Ya","Tidak"),"") | M23: =IF(C23="Negatif",DATE(YEAR(D23)+'Baca Dulu'!$B$17,MONTH(D23),DAY(D23)),IF(AND(C23="Positif lain",J23="Negatif"),DATE(YEAR(G23)+'Baca Dulu'!$B$18,MONTH(G23),DAY(G23)),IF(AND(C23="Positif 16/18",J23="Negatif"),DATE(YEAR(G23)+'Baca Dulu'!$B$19,MONTH(G23),DAY(G23)),IF(C23="Invalid","Ambil ulang","Ditentukan bidan")))) -> 49956
A24: ='5 Format Standar'!C24 -> P-0022 | B24: ='5 Format Standar'!A24 -> NUSA HPV | C24: ='5 Format Standar'!M24 -> Negatif | D24: ='5 Format Standar'!O24 -> 46305 | F24: =IF(ISNUMBER(E24),E24-D24,"") | H24: =IF(ISNUMBER(G24),G24-D24,"") | I24: =IF(OR(C24="Positif 16/18",C24="Positif lain"),IF(AND(ISNUMBER(H24),H24<='Baca Dulu'!$B$16),"Ya","Tidak"),"") | M24: =IF(C24="Negatif",DATE(YEAR(D24)+'Baca Dulu'!$B$17,MONTH(D24),DAY(D24)),IF(AND(C24="Positif lain",J24="Negatif"),DATE(YEAR(G24)+'Baca Dulu'!$B$18,MONTH(G24),DAY(G24)),IF(AND(C24="Positif 16/18",J24="Negatif"),DATE(YEAR(G24)+'Baca Dulu'!$B$19,MONTH(G24),DAY(G24)),IF(C24="Invalid","Ambil ulang","Ditentukan bidan")))) -> 49958
A25: ='5 Format Standar'!C25 -> P-0023 | B25: ='5 Format Standar'!A25 -> NUSA HPV | C25: ='5 Format Standar'!M25 -> Negatif | D25: ='5 Format Standar'!O25 -> 46302 | F25: =IF(ISNUMBER(E25),E25-D25,"") | H25: =IF(ISNUMBER(G25),G25-D25,"") | I25: =IF(OR(C25="Positif 16/18",C25="Positif lain"),IF(AND(ISNUMBER(H25),H25<='Baca Dulu'!$B$16),"Ya","Tidak"),"") | M25: =IF(C25="Negatif",DATE(YEAR(D25)+'Baca Dulu'!$B$17,MONTH(D25),DAY(D25)),IF(AND(C25="Positif lain",J25="Negatif"),DATE(YEAR(G25)+'Baca Dulu'!$B$18,MONTH(G25),DAY(G25)),IF(AND(C25="Positif 16/18",J25="Negatif"),DATE(YEAR(G25)+'Baca Dulu'!$B$19,MONTH(G25),DAY(G25)),IF(C25="Invalid","Ambil ulang","Ditentukan bidan")))) -> 49955
A26: ='5 Format Standar'!C26 -> P-0024 | B26: ='5 Format Standar'!A26 -> NUSA HPV | C26: ='5 Format Standar'!M26 -> Invalid | D26: ='5 Format Standar'!O26 -> 46304 | F26: =IF(ISNUMBER(E26),E26-D26,"") | H26: =IF(ISNUMBER(G26),G26-D26,"") | I26: =IF(OR(C26="Positif 16/18",C26="Positif lain"),IF(AND(ISNUMBER(H26),H26<='Baca Dulu'!$B$16),"Ya","Tidak"),"") | M26: =IF(C26="Negatif",DATE(YEAR(D26)+'Baca Dulu'!$B$17,MONTH(D26),DAY(D26)),IF(AND(C26="Positif lain",J26="Negatif"),DATE(YEAR(G26)+'Baca Dulu'!$B$18,MONTH(G26),DAY(G26)),IF(AND(C26="Positif 16/18",J26="Negatif"),DATE(YEAR(G26)+'Baca Dulu'!$B$19,MONTH(G26),DAY(G26)),IF(C26="Invalid","Ambil ulang","Ditentukan bidan")))) -> Ambil ulang
A27: ='5 Format Standar'!C27 -> P-0025 | B27: ='5 Format Standar'!A27 -> NUSA HPV | C27: ='5 Format Standar'!M27 -> Positif lain | D27: ='5 Format Standar'!O27 -> 46302 | E27: =D27+1 -> 46303 | F27: =IF(ISNUMBER(E27),E27-D27,"") -> 1 | G27: =D27+41 -> 46343 | H27: =IF(ISNUMBER(G27),G27-D27,"") -> 41 | I27: =IF(OR(C27="Positif 16/18",C27="Positif lain"),IF(AND(ISNUMBER(H27),H27<='Baca Dulu'!$B$16),"Ya","Tidak"),"") -> Ya | J27: Negatif | K27: Tidak perlu | L27: Tidak ada | M27: =IF(C27="Negatif",DATE(YEAR(D27)+'Baca Dulu'!$B$17,MONTH(D27),DAY(D27)),IF(AND(C27="Positif lain",J27="Negatif"),DATE(YEAR(G27)+'Baca Dulu'!$B$18,MONTH(G27),DAY(G27)),IF(AND(C27="Positif 16/18",J27="Negatif"),DATE(YEAR(G27)+'Baca Dulu'!$B$19,MONTH(G27),DAY(G27)),IF(C27="Invalid","Ambil ulang","Ditentukan bidan")))) -> 47439
A28: ='5 Format Standar'!C28 -> P-0026 | B28: ='5 Format Standar'!A28 -> NUSA HPV | C28: ='5 Format Standar'!M28 -> Positif 16/18 | D28: ='5 Format Standar'!O28 -> 46305 | E28: =D28+2 -> 46307 | F28: =IF(ISNUMBER(E28),E28-D28,"") -> 2 | G28: =D28+55 -> 46360 | H28: =IF(ISNUMBER(G28),G28-D28,"") -> 55 | I28: =IF(OR(C28="Positif 16/18",C28="Positif lain"),IF(AND(ISNUMBER(H28),H28<='Baca Dulu'!$B$16),"Ya","Tidak"),"") -> Ya | J28: Positif >=75% atau curiga kanker | K28: Rujuk FKTL | L28: CIN3 | M28: =IF(C28="Negatif",DATE(YEAR(D28)+'Baca Dulu'!$B$17,MONTH(D28),DAY(D28)),IF(AND(C28="Positif lain",J28="Negatif"),DATE(YEAR(G28)+'Baca Dulu'!$B$18,MONTH(G28),DAY(G28)),IF(AND(C28="Positif 16/18",J28="Negatif"),DATE(YEAR(G28)+'Baca Dulu'!$B$19,MONTH(G28),DAY(G28)),IF(C28="Invalid","Ambil ulang","Ditentukan bidan")))) -> Ditentukan bidan
A29: ='5 Format Standar'!C29 -> P-0027 | B29: ='5 Format Standar'!A29 -> NUSA HPV | C29: ='5 Format Standar'!M29 -> Negatif | D29: ='5 Format Standar'!O29 -> 46304 | F29: =IF(ISNUMBER(E29),E29-D29,"") | H29: =IF(ISNUMBER(G29),G29-D29,"") | I29: =IF(OR(C29="Positif 16/18",C29="Positif lain"),IF(AND(ISNUMBER(H29),H29<='Baca Dulu'!$B$16),"Ya","Tidak"),"") | M29: =IF(C29="Negatif",DATE(YEAR(D29)+'Baca Dulu'!$B$17,MONTH(D29),DAY(D29)),IF(AND(C29="Positif lain",J29="Negatif"),DATE(YEAR(G29)+'Baca Dulu'!$B$18,MONTH(G29),DAY(G29)),IF(AND(C29="Positif 16/18",J29="Negatif"),DATE(YEAR(G29)+'Baca Dulu'!$B$19,MONTH(G29),DAY(G29)),IF(C29="Invalid","Ambil ulang","Ditentukan bidan")))) -> 49957
A30: ='5 Format Standar'!C30 -> P-0028 | B30: ='5 Format Standar'!A30 -> NUSA HPV | C30: ='5 Format Standar'!M30 -> Negatif | D30: ='5 Format Standar'!O30 -> 46300 | F30: =IF(ISNUMBER(E30),E30-D30,"") | H30: =IF(ISNUMBER(G30),G30-D30,"") | I30: =IF(OR(C30="Positif 16/18",C30="Positif lain"),IF(AND(ISNUMBER(H30),H30<='Baca Dulu'!$B$16),"Ya","Tidak"),"") | M30: =IF(C30="Negatif",DATE(YEAR(D30)+'Baca Dulu'!$B$17,MONTH(D30),DAY(D30)),IF(AND(C30="Positif lain",J30="Negatif"),DATE(YEAR(G30)+'Baca Dulu'!$B$18,MONTH(G30),DAY(G30)),IF(AND(C30="Positif 16/18",J30="Negatif"),DATE(YEAR(G30)+'Baca Dulu'!$B$19,MONTH(G30),DAY(G30)),IF(C30="Invalid","Ambil ulang","Ditentukan bidan")))) -> 49953
A31: ='5 Format Standar'!C31 -> P-0029 | B31: ='5 Format Standar'!A31 -> NUSA HPV | C31: ='5 Format Standar'!M31 -> Negatif | D31: ='5 Format Standar'!O31 -> 46300 | F31: =IF(ISNUMBER(E31),E31-D31,"") | H31: =IF(ISNUMBER(G31),G31-D31,"") | I31: =IF(OR(C31="Positif 16/18",C31="Positif lain"),IF(AND(ISNUMBER(H31),H31<='Baca Dulu'!$B$16),"Ya","Tidak"),"") | M31: =IF(C31="Negatif",DATE(YEAR(D31)+'Baca Dulu'!$B$17,MONTH(D31),DAY(D31)),IF(AND(C31="Positif lain",J31="Negatif"),DATE(YEAR(G31)+'Baca Dulu'!$B$18,MONTH(G31),DAY(G31)),IF(AND(C31="Positif 16/18",J31="Negatif"),DATE(YEAR(G31)+'Baca Dulu'!$B$19,MONTH(G31),DAY(G31)),IF(C31="Invalid","Ambil ulang","Ditentukan bidan")))) -> 49953
A32: ='5 Format Standar'!C32 -> P-0030 | B32: ='5 Format Standar'!A32 -> NUSA HPV | C32: ='5 Format Standar'!M32 -> Negatif | D32: ='5 Format Standar'!O32 -> 46309 | F32: =IF(ISNUMBER(E32),E32-D32,"") | H32: =IF(ISNUMBER(G32),G32-D32,"") | I32: =IF(OR(C32="Positif 16/18",C32="Positif lain"),IF(AND(ISNUMBER(H32),H32<='Baca Dulu'!$B$16),"Ya","Tidak"),"") | M32: =IF(C32="Negatif",DATE(YEAR(D32)+'Baca Dulu'!$B$17,MONTH(D32),DAY(D32)),IF(AND(C32="Positif lain",J32="Negatif"),DATE(YEAR(G32)+'Baca Dulu'!$B$18,MONTH(G32),DAY(G32)),IF(AND(C32="Positif 16/18",J32="Negatif"),DATE(YEAR(G32)+'Baca Dulu'!$B$19,MONTH(G32),DAY(G32)),IF(C32="Invalid","Ambil ulang","Ditentukan bidan")))) -> 49962
A33: ='5 Format Standar'!C33 -> P-0031 | B33: ='5 Format Standar'!A33 -> NUSA HPV | C33: ='5 Format Standar'!M33 -> Negatif | D33: ='5 Format Standar'!O33 -> 46301 | F33: =IF(ISNUMBER(E33),E33-D33,"") | H33: =IF(ISNUMBER(G33),G33-D33,"") | I33: =IF(OR(C33="Positif 16/18",C33="Positif lain"),IF(AND(ISNUMBER(H33),H33<='Baca Dulu'!$B$16),"Ya","Tidak"),"") | M33: =IF(C33="Negatif",DATE(YEAR(D33)+'Baca Dulu'!$B$17,MONTH(D33),DAY(D33)),IF(AND(C33="Positif lain",J33="Negatif"),DATE(YEAR(G33)+'Baca Dulu'!$B$18,MONTH(G33),DAY(G33)),IF(AND(C33="Positif 16/18",J33="Negatif"),DATE(YEAR(G33)+'Baca Dulu'!$B$19,MONTH(G33),DAY(G33)),IF(C33="Invalid","Ambil ulang","Ditentukan bidan")))) -> 49954
A34: ='5 Format Standar'!C34 -> P-0032 | B34: ='5 Format Standar'!A34 -> NUSA HPV | C34: ='5 Format Standar'!M34 -> Negatif | D34: ='5 Format Standar'!O34 -> 46303 | F34: =IF(ISNUMBER(E34),E34-D34,"") | H34: =IF(ISNUMBER(G34),G34-D34,"") | I34: =IF(OR(C34="Positif 16/18",C34="Positif lain"),IF(AND(ISNUMBER(H34),H34<='Baca Dulu'!$B$16),"Ya","Tidak"),"") | M34: =IF(C34="Negatif",DATE(YEAR(D34)+'Baca Dulu'!$B$17,MONTH(D34),DAY(D34)),IF(AND(C34="Positif lain",J34="Negatif"),DATE(YEAR(G34)+'Baca Dulu'!$B$18,MONTH(G34),DAY(G34)),IF(AND(C34="Positif 16/18",J34="Negatif"),DATE(YEAR(G34)+'Baca Dulu'!$B$19,MONTH(G34),DAY(G34)),IF(C34="Invalid","Ambil ulang","Ditentukan bidan")))) -> 49956
A35: ='5 Format Standar'!C35 -> P-0033 | B35: ='5 Format Standar'!A35 -> NUSA HPV | C35: ='5 Format Standar'!M35 -> Negatif | D35: ='5 Format Standar'!O35 -> 46306 | F35: =IF(ISNUMBER(E35),E35-D35,"") | H35: =IF(ISNUMBER(G35),G35-D35,"") | I35: =IF(OR(C35="Positif 16/18",C35="Positif lain"),IF(AND(ISNUMBER(H35),H35<='Baca Dulu'!$B$16),"Ya","Tidak"),"") | M35: =IF(C35="Negatif",DATE(YEAR(D35)+'Baca Dulu'!$B$17,MONTH(D35),DAY(D35)),IF(AND(C35="Positif lain",J35="Negatif"),DATE(YEAR(G35)+'Baca Dulu'!$B$18,MONTH(G35),DAY(G35)),IF(AND(C35="Positif 16/18",J35="Negatif"),DATE(YEAR(G35)+'Baca Dulu'!$B$19,MONTH(G35),DAY(G35)),IF(C35="Invalid","Ambil ulang","Ditentukan bidan")))) -> 49959
A36: ='5 Format Standar'!C36 -> P-0034 | B36: ='5 Format Standar'!A36 -> NUSA HPV | C36: ='5 Format Standar'!M36 -> Negatif | D36: ='5 Format Standar'!O36 -> 46309 | F36: =IF(ISNUMBER(E36),E36-D36,"") | H36: =IF(ISNUMBER(G36),G36-D36,"") | I36: =IF(OR(C36="Positif 16/18",C36="Positif lain"),IF(AND(ISNUMBER(H36),H36<='Baca Dulu'!$B$16),"Ya","Tidak"),"") | M36: =IF(C36="Negatif",DATE(YEAR(D36)+'Baca Dulu'!$B$17,MONTH(D36),DAY(D36)),IF(AND(C36="Positif lain",J36="Negatif"),DATE(YEAR(G36)+'Baca Dulu'!$B$18,MONTH(G36),DAY(G36)),IF(AND(C36="Positif 16/18",J36="Negatif"),DATE(YEAR(G36)+'Baca Dulu'!$B$19,MONTH(G36),DAY(G36)),IF(C36="Invalid","Ambil ulang","Ditentukan bidan")))) -> 49962
A37: ='5 Format Standar'!C37 -> P-0035 | B37: ='5 Format Standar'!A37 -> NUSA HPV | C37: ='5 Format Standar'!M37 -> Positif 16/18 | D37: ='5 Format Standar'!O37 -> 46309 | E37: =D37+4 -> 46313 | F37: =IF(ISNUMBER(E37),E37-D37,"") -> 4 | G37: =D37+72 -> 46381 | H37: =IF(ISNUMBER(G37),G37-D37,"") -> 72 | I37: =IF(OR(C37="Positif 16/18",C37="Positif lain"),IF(AND(ISNUMBER(H37),H37<='Baca Dulu'!$B$16),"Ya","Tidak"),"") -> Tidak | J37: Negatif | K37: Tidak perlu | L37: Tidak ada | M37: =IF(C37="Negatif",DATE(YEAR(D37)+'Baca Dulu'!$B$17,MONTH(D37),DAY(D37)),IF(AND(C37="Positif lain",J37="Negatif"),DATE(YEAR(G37)+'Baca Dulu'!$B$18,MONTH(G37),DAY(G37)),IF(AND(C37="Positif 16/18",J37="Negatif"),DATE(YEAR(G37)+'Baca Dulu'!$B$19,MONTH(G37),DAY(G37)),IF(C37="Invalid","Ambil ulang","Ditentukan bidan")))) -> 46746
A38: ='5 Format Standar'!C38 -> P-0036 | B38: ='5 Format Standar'!A38 -> NUSA HPV | C38: ='5 Format Standar'!M38 -> Negatif | D38: ='5 Format Standar'!O38 -> 46308 | F38: =IF(ISNUMBER(E38),E38-D38,"") | H38: =IF(ISNUMBER(G38),G38-D38,"") | I38: =IF(OR(C38="Positif 16/18",C38="Positif lain"),IF(AND(ISNUMBER(H38),H38<='Baca Dulu'!$B$16),"Ya","Tidak"),"") | M38: =IF(C38="Negatif",DATE(YEAR(D38)+'Baca Dulu'!$B$17,MONTH(D38),DAY(D38)),IF(AND(C38="Positif lain",J38="Negatif"),DATE(YEAR(G38)+'Baca Dulu'!$B$18,MONTH(G38),DAY(G38)),IF(AND(C38="Positif 16/18",J38="Negatif"),DATE(YEAR(G38)+'Baca Dulu'!$B$19,MONTH(G38),DAY(G38)),IF(C38="Invalid","Ambil ulang","Ditentukan bidan")))) -> 49961
A39: ='5 Format Standar'!C39 -> P-0037 | B39: ='5 Format Standar'!A39 -> NUSA HPV | C39: ='5 Format Standar'!M39 -> Invalid | D39: ='5 Format Standar'!O39 -> 46303 | F39: =IF(ISNUMBER(E39),E39-D39,"") | H39: =IF(ISNUMBER(G39),G39-D39,"") | I39: =IF(OR(C39="Positif 16/18",C39="Positif lain"),IF(AND(ISNUMBER(H39),H39<='Baca Dulu'!$B$16),"Ya","Tidak"),"") | M39: =IF(C39="Negatif",DATE(YEAR(D39)+'Baca Dulu'!$B$17,MONTH(D39),DAY(D39)),IF(AND(C39="Positif lain",J39="Negatif"),DATE(YEAR(G39)+'Baca Dulu'!$B$18,MONTH(G39),DAY(G39)),IF(AND(C39="Positif 16/18",J39="Negatif"),DATE(YEAR(G39)+'Baca Dulu'!$B$19,MONTH(G39),DAY(G39)),IF(C39="Invalid","Ambil ulang","Ditentukan bidan")))) -> Ambil ulang
A40: ='5 Format Standar'!C40 -> P-0038 | B40: ='5 Format Standar'!A40 -> NUSA HPV | C40: ='5 Format Standar'!M40 -> Negatif | D40: ='5 Format Standar'!O40 -> 46301 | F40: =IF(ISNUMBER(E40),E40-D40,"") | H40: =IF(ISNUMBER(G40),G40-D40,"") | I40: =IF(OR(C40="Positif 16/18",C40="Positif lain"),IF(AND(ISNUMBER(H40),H40<='Baca Dulu'!$B$16),"Ya","Tidak"),"") | M40: =IF(C40="Negatif",DATE(YEAR(D40)+'Baca Dulu'!$B$17,MONTH(D40),DAY(D40)),IF(AND(C40="Positif lain",J40="Negatif"),DATE(YEAR(G40)+'Baca Dulu'!$B$18,MONTH(G40),DAY(G40)),IF(AND(C40="Positif 16/18",J40="Negatif"),DATE(YEAR(G40)+'Baca Dulu'!$B$19,MONTH(G40),DAY(G40)),IF(C40="Invalid","Ambil ulang","Ditentukan bidan")))) -> 49954
A41: ='5 Format Standar'!C41 -> P-0039 | B41: ='5 Format Standar'!A41 -> NUSA HPV | C41: ='5 Format Standar'!M41 -> Negatif | D41: ='5 Format Standar'!O41 -> 46300 | F41: =IF(ISNUMBER(E41),E41-D41,"") | H41: =IF(ISNUMBER(G41),G41-D41,"") | I41: =IF(OR(C41="Positif 16/18",C41="Positif lain"),IF(AND(ISNUMBER(H41),H41<='Baca Dulu'!$B$16),"Ya","Tidak"),"") | M41: =IF(C41="Negatif",DATE(YEAR(D41)+'Baca Dulu'!$B$17,MONTH(D41),DAY(D41)),IF(AND(C41="Positif lain",J41="Negatif"),DATE(YEAR(G41)+'Baca Dulu'!$B$18,MONTH(G41),DAY(G41)),IF(AND(C41="Positif 16/18",J41="Negatif"),DATE(YEAR(G41)+'Baca Dulu'!$B$19,MONTH(G41),DAY(G41)),IF(C41="Invalid","Ambil ulang","Ditentukan bidan")))) -> 49953
A42: ='5 Format Standar'!C42 -> P-0040 | B42: ='5 Format Standar'!A42 -> NUSA HPV | C42: ='5 Format Standar'!M42 -> Negatif | D42: ='5 Format Standar'!O42 -> 46301 | F42: =IF(ISNUMBER(E42),E42-D42,"") | H42: =IF(ISNUMBER(G42),G42-D42,"") | I42: =IF(OR(C42="Positif 16/18",C42="Positif lain"),IF(AND(ISNUMBER(H42),H42<='Baca Dulu'!$B$16),"Ya","Tidak"),"") | M42: =IF(C42="Negatif",DATE(YEAR(D42)+'Baca Dulu'!$B$17,MONTH(D42),DAY(D42)),IF(AND(C42="Positif lain",J42="Negatif"),DATE(YEAR(G42)+'Baca Dulu'!$B$18,MONTH(G42),DAY(G42)),IF(AND(C42="Positif 16/18",J42="Negatif"),DATE(YEAR(G42)+'Baca Dulu'!$B$19,MONTH(G42),DAY(G42)),IF(C42="Invalid","Ambil ulang","Ditentukan bidan")))) -> 49954
A43: ='5 Format Standar'!C43 -> P-0041 | B43: ='5 Format Standar'!A43 -> NUSA HPV | C43: ='5 Format Standar'!M43 -> Negatif | D43: ='5 Format Standar'!O43 -> 46304 | F43: =IF(ISNUMBER(E43),E43-D43,"") | H43: =IF(ISNUMBER(G43),G43-D43,"") | I43: =IF(OR(C43="Positif 16/18",C43="Positif lain"),IF(AND(ISNUMBER(H43),H43<='Baca Dulu'!$B$16),"Ya","Tidak"),"") | M43: =IF(C43="Negatif",DATE(YEAR(D43)+'Baca Dulu'!$B$17,MONTH(D43),DAY(D43)),IF(AND(C43="Positif lain",J43="Negatif"),DATE(YEAR(G43)+'Baca Dulu'!$B$18,MONTH(G43),DAY(G43)),IF(AND(C43="Positif 16/18",J43="Negatif"),DATE(YEAR(G43)+'Baca Dulu'!$B$19,MONTH(G43),DAY(G43)),IF(C43="Invalid","Ambil ulang","Ditentukan bidan")))) -> 49957
A44: ='5 Format Standar'!C44 -> P-0042 | B44: ='5 Format Standar'!A44 -> NUSA HPV | C44: ='5 Format Standar'!M44 -> Negatif | D44: ='5 Format Standar'!O44 -> 46308 | F44: =IF(ISNUMBER(E44),E44-D44,"") | H44: =IF(ISNUMBER(G44),G44-D44,"") | I44: =IF(OR(C44="Positif 16/18",C44="Positif lain"),IF(AND(ISNUMBER(H44),H44<='Baca Dulu'!$B$16),"Ya","Tidak"),"") | M44: =IF(C44="Negatif",DATE(YEAR(D44)+'Baca Dulu'!$B$17,MONTH(D44),DAY(D44)),IF(AND(C44="Positif lain",J44="Negatif"),DATE(YEAR(G44)+'Baca Dulu'!$B$18,MONTH(G44),DAY(G44)),IF(AND(C44="Positif 16/18",J44="Negatif"),DATE(YEAR(G44)+'Baca Dulu'!$B$19,MONTH(G44),DAY(G44)),IF(C44="Invalid","Ambil ulang","Ditentukan bidan")))) -> 49961
A45: ='5 Format Standar'!C45 -> P-0043 | B45: ='5 Format Standar'!A45 -> NUSA HPV | C45: ='5 Format Standar'!M45 -> Negatif | D45: ='5 Format Standar'!O45 -> 46309 | F45: =IF(ISNUMBER(E45),E45-D45,"") | H45: =IF(ISNUMBER(G45),G45-D45,"") | I45: =IF(OR(C45="Positif 16/18",C45="Positif lain"),IF(AND(ISNUMBER(H45),H45<='Baca Dulu'!$B$16),"Ya","Tidak"),"") | M45: =IF(C45="Negatif",DATE(YEAR(D45)+'Baca Dulu'!$B$17,MONTH(D45),DAY(D45)),IF(AND(C45="Positif lain",J45="Negatif"),DATE(YEAR(G45)+'Baca Dulu'!$B$18,MONTH(G45),DAY(G45)),IF(AND(C45="Positif 16/18",J45="Negatif"),DATE(YEAR(G45)+'Baca Dulu'!$B$19,MONTH(G45),DAY(G45)),IF(C45="Invalid","Ambil ulang","Ditentukan bidan")))) -> 49962
A46: ='5 Format Standar'!C46 -> P-0044 | B46: ='5 Format Standar'!A46 -> NUSA HPV | C46: ='5 Format Standar'!M46 -> Negatif | D46: ='5 Format Standar'!O46 -> 46309 | F46: =IF(ISNUMBER(E46),E46-D46,"") | H46: =IF(ISNUMBER(G46),G46-D46,"") | I46: =IF(OR(C46="Positif 16/18",C46="Positif lain"),IF(AND(ISNUMBER(H46),H46<='Baca Dulu'!$B$16),"Ya","Tidak"),"") | M46: =IF(C46="Negatif",DATE(YEAR(D46)+'Baca Dulu'!$B$17,MONTH(D46),DAY(D46)),IF(AND(C46="Positif lain",J46="Negatif"),DATE(YEAR(G46)+'Baca Dulu'!$B$18,MONTH(G46),DAY(G46)),IF(AND(C46="Positif 16/18",J46="Negatif"),DATE(YEAR(G46)+'Baca Dulu'!$B$19,MONTH(G46),DAY(G46)),IF(C46="Invalid","Ambil ulang","Ditentukan bidan")))) -> 49962
A47: ='5 Format Standar'!C47 -> P-0045 | B47: ='5 Format Standar'!A47 -> NUSA HPV | C47: ='5 Format Standar'!M47 -> Positif 16/18 | D47: ='5 Format Standar'!O47 -> 46307 | E47: =D47+1 -> 46308 | F47: =IF(ISNUMBER(E47),E47-D47,"") -> 1 | G47: =D47+20 -> 46327 | H47: =IF(ISNUMBER(G47),G47-D47,"") -> 20 | I47: =IF(OR(C47="Positif 16/18",C47="Positif lain"),IF(AND(ISNUMBER(H47),H47<='Baca Dulu'!$B$16),"Ya","Tidak"),"") -> Ya | J47: Positif <75% | K47: Ablasi termal | L47: Tidak ada | M47: =IF(C47="Negatif",DATE(YEAR(D47)+'Baca Dulu'!$B$17,MONTH(D47),DAY(D47)),IF(AND(C47="Positif lain",J47="Negatif"),DATE(YEAR(G47)+'Baca Dulu'!$B$18,MONTH(G47),DAY(G47)),IF(AND(C47="Positif 16/18",J47="Negatif"),DATE(YEAR(G47)+'Baca Dulu'!$B$19,MONTH(G47),DAY(G47)),IF(C47="Invalid","Ambil ulang","Ditentukan bidan")))) -> Ditentukan bidan
A48: ='5 Format Standar'!C48 -> P-0046 | B48: ='5 Format Standar'!A48 -> NUSA HPV | C48: ='5 Format Standar'!M48 -> Negatif | D48: ='5 Format Standar'!O48 -> 46302 | F48: =IF(ISNUMBER(E48),E48-D48,"") | H48: =IF(ISNUMBER(G48),G48-D48,"") | I48: =IF(OR(C48="Positif 16/18",C48="Positif lain"),IF(AND(ISNUMBER(H48),H48<='Baca Dulu'!$B$16),"Ya","Tidak"),"") | M48: =IF(C48="Negatif",DATE(YEAR(D48)+'Baca Dulu'!$B$17,MONTH(D48),DAY(D48)),IF(AND(C48="Positif lain",J48="Negatif"),DATE(YEAR(G48)+'Baca Dulu'!$B$18,MONTH(G48),DAY(G48)),IF(AND(C48="Positif 16/18",J48="Negatif"),DATE(YEAR(G48)+'Baca Dulu'!$B$19,MONTH(G48),DAY(G48)),IF(C48="Invalid","Ambil ulang","Ditentukan bidan")))) -> 49955
A49: ='5 Format Standar'!C49 -> P-0047 | B49: ='5 Format Standar'!A49 -> NUSA HPV | C49: ='5 Format Standar'!M49 -> Negatif | D49: ='5 Format Standar'!O49 -> 46307 | F49: =IF(ISNUMBER(E49),E49-D49,"") | H49: =IF(ISNUMBER(G49),G49-D49,"") | I49: =IF(OR(C49="Positif 16/18",C49="Positif lain"),IF(AND(ISNUMBER(H49),H49<='Baca Dulu'!$B$16),"Ya","Tidak"),"") | M49: =IF(C49="Negatif",DATE(YEAR(D49)+'Baca Dulu'!$B$17,MONTH(D49),DAY(D49)),IF(AND(C49="Positif lain",J49="Negatif"),DATE(YEAR(G49)+'Baca Dulu'!$B$18,MONTH(G49),DAY(G49)),IF(AND(C49="Positif 16/18",J49="Negatif"),DATE(YEAR(G49)+'Baca Dulu'!$B$19,MONTH(G49),DAY(G49)),IF(C49="Invalid","Ambil ulang","Ditentukan bidan")))) -> 49960
A50: ='5 Format Standar'!C50 -> P-0048 | B50: ='5 Format Standar'!A50 -> NUSA HPV | C50: ='5 Format Standar'!M50 -> Positif lain | D50: ='5 Format Standar'!O50 -> 46303 | E50: =D50+2 -> 46305 | F50: =IF(ISNUMBER(E50),E50-D50,"") -> 2 | G50: =D50+28 -> 46331 | H50: =IF(ISNUMBER(G50),G50-D50,"") -> 28 | I50: =IF(OR(C50="Positif 16/18",C50="Positif lain"),IF(AND(ISNUMBER(H50),H50<='Baca Dulu'!$B$16),"Ya","Tidak"),"") -> Ya | J50: Negatif | K50: Tidak perlu | L50: Tidak ada | M50: =IF(C50="Negatif",DATE(YEAR(D50)+'Baca Dulu'!$B$17,MONTH(D50),DAY(D50)),IF(AND(C50="Positif lain",J50="Negatif"),DATE(YEAR(G50)+'Baca Dulu'!$B$18,MONTH(G50),DAY(G50)),IF(AND(C50="Positif 16/18",J50="Negatif"),DATE(YEAR(G50)+'Baca Dulu'!$B$19,MONTH(G50),DAY(G50)),IF(C50="Invalid","Ambil ulang","Ditentukan bidan")))) -> 47427
A51: ='5 Format Standar'!C51 -> P-0049 | B51: ='5 Format Standar'!A51 -> NUSA HPV | C51: ='5 Format Standar'!M51 -> Negatif | D51: ='5 Format Standar'!O51 -> 46303 | F51: =IF(ISNUMBER(E51),E51-D51,"") | H51: =IF(ISNUMBER(G51),G51-D51,"") | I51: =IF(OR(C51="Positif 16/18",C51="Positif lain"),IF(AND(ISNUMBER(H51),H51<='Baca Dulu'!$B$16),"Ya","Tidak"),"") | M51: =IF(C51="Negatif",DATE(YEAR(D51)+'Baca Dulu'!$B$17,MONTH(D51),DAY(D51)),IF(AND(C51="Positif lain",J51="Negatif"),DATE(YEAR(G51)+'Baca Dulu'!$B$18,MONTH(G51),DAY(G51)),IF(AND(C51="Positif 16/18",J51="Negatif"),DATE(YEAR(G51)+'Baca Dulu'!$B$19,MONTH(G51),DAY(G51)),IF(C51="Invalid","Ambil ulang","Ditentukan bidan")))) -> 49956
A52: ='5 Format Standar'!C52 -> P-0050 | B52: ='5 Format Standar'!A52 -> NUSA HPV | C52: ='5 Format Standar'!M52 -> Negatif | D52: ='5 Format Standar'!O52 -> 46300 | F52: =IF(ISNUMBER(E52),E52-D52,"") | H52: =IF(ISNUMBER(G52),G52-D52,"") | I52: =IF(OR(C52="Positif 16/18",C52="Positif lain"),IF(AND(ISNUMBER(H52),H52<='Baca Dulu'!$B$16),"Ya","Tidak"),"") | M52: =IF(C52="Negatif",DATE(YEAR(D52)+'Baca Dulu'!$B$17,MONTH(D52),DAY(D52)),IF(AND(C52="Positif lain",J52="Negatif"),DATE(YEAR(G52)+'Baca Dulu'!$B$18,MONTH(G52),DAY(G52)),IF(AND(C52="Positif 16/18",J52="Negatif"),DATE(YEAR(G52)+'Baca Dulu'!$B$19,MONTH(G52),DAY(G52)),IF(C52="Invalid","Ambil ulang","Ditentukan bidan")))) -> 49953
A53: ='5 Format Standar'!C53 -> P-0051 | B53: ='5 Format Standar'!A53 -> NUSA HPV | C53: ='5 Format Standar'!M53 -> Negatif | D53: ='5 Format Standar'!O53 -> 46302 | F53: =IF(ISNUMBER(E53),E53-D53,"") | H53: =IF(ISNUMBER(G53),G53-D53,"") | I53: =IF(OR(C53="Positif 16/18",C53="Positif lain"),IF(AND(ISNUMBER(H53),H53<='Baca Dulu'!$B$16),"Ya","Tidak"),"") | M53: =IF(C53="Negatif",DATE(YEAR(D53)+'Baca Dulu'!$B$17,MONTH(D53),DAY(D53)),IF(AND(C53="Positif lain",J53="Negatif"),DATE(YEAR(G53)+'Baca Dulu'!$B$18,MONTH(G53),DAY(G53)),IF(AND(C53="Positif 16/18",J53="Negatif"),DATE(YEAR(G53)+'Baca Dulu'!$B$19,MONTH(G53),DAY(G53)),IF(C53="Invalid","Ambil ulang","Ditentukan bidan")))) -> 49955
A54: ='5 Format Standar'!C54 -> P-0052 | B54: ='5 Format Standar'!A54 -> NUSA HPV | C54: ='5 Format Standar'!M54 -> Negatif | D54: ='5 Format Standar'!O54 -> 46306 | F54: =IF(ISNUMBER(E54),E54-D54,"") | H54: =IF(ISNUMBER(G54),G54-D54,"") | I54: =IF(OR(C54="Positif 16/18",C54="Positif lain"),IF(AND(ISNUMBER(H54),H54<='Baca Dulu'!$B$16),"Ya","Tidak"),"") | M54: =IF(C54="Negatif",DATE(YEAR(D54)+'Baca Dulu'!$B$17,MONTH(D54),DAY(D54)),IF(AND(C54="Positif lain",J54="Negatif"),DATE(YEAR(G54)+'Baca Dulu'!$B$18,MONTH(G54),DAY(G54)),IF(AND(C54="Positif 16/18",J54="Negatif"),DATE(YEAR(G54)+'Baca Dulu'!$B$19,MONTH(G54),DAY(G54)),IF(C54="Invalid","Ambil ulang","Ditentukan bidan")))) -> 49959
A55: ='5 Format Standar'!C55 -> P-0053 | B55: ='5 Format Standar'!A55 -> NUSA HPV | C55: ='5 Format Standar'!M55 -> Negatif | D55: ='5 Format Standar'!O55 -> 46308 | F55: =IF(ISNUMBER(E55),E55-D55,"") | H55: =IF(ISNUMBER(G55),G55-D55,"") | I55: =IF(OR(C55="Positif 16/18",C55="Positif lain"),IF(AND(ISNUMBER(H55),H55<='Baca Dulu'!$B$16),"Ya","Tidak"),"") | M55: =IF(C55="Negatif",DATE(YEAR(D55)+'Baca Dulu'!$B$17,MONTH(D55),DAY(D55)),IF(AND(C55="Positif lain",J55="Negatif"),DATE(YEAR(G55)+'Baca Dulu'!$B$18,MONTH(G55),DAY(G55)),IF(AND(C55="Positif 16/18",J55="Negatif"),DATE(YEAR(G55)+'Baca Dulu'!$B$19,MONTH(G55),DAY(G55)),IF(C55="Invalid","Ambil ulang","Ditentukan bidan")))) -> 49961
A56: ='5 Format Standar'!C56 -> P-0054 | B56: ='5 Format Standar'!A56 -> NUSA HPV | C56: ='5 Format Standar'!M56 -> Positif lain | D56: ='5 Format Standar'!O56 -> 46309 | E56: =D56+3 -> 46312 | F56: =IF(ISNUMBER(E56),E56-D56,"") -> 3 | H56: =IF(ISNUMBER(G56),G56-D56,"") | I56: =IF(OR(C56="Positif 16/18",C56="Positif lain"),IF(AND(ISNUMBER(H56),H56<='Baca Dulu'!$B$16),"Ya","Tidak"),"") -> Tidak | M56: =IF(C56="Negatif",DATE(YEAR(D56)+'Baca Dulu'!$B$17,MONTH(D56),DAY(D56)),IF(AND(C56="Positif lain",J56="Negatif"),DATE(YEAR(G56)+'Baca Dulu'!$B$18,MONTH(G56),DAY(G56)),IF(AND(C56="Positif 16/18",J56="Negatif"),DATE(YEAR(G56)+'Baca Dulu'!$B$19,MONTH(G56),DAY(G56)),IF(C56="Invalid","Ambil ulang","Ditentukan bidan")))) -> Ditentukan bidan
A57: ='5 Format Standar'!C57 -> P-0055 | B57: ='5 Format Standar'!A57 -> NUSA HPV | C57: ='5 Format Standar'!M57 -> Negatif | D57: ='5 Format Standar'!O57 -> 46307 | F57: =IF(ISNUMBER(E57),E57-D57,"") | H57: =IF(ISNUMBER(G57),G57-D57,"") | I57: =IF(OR(C57="Positif 16/18",C57="Positif lain"),IF(AND(ISNUMBER(H57),H57<='Baca Dulu'!$B$16),"Ya","Tidak"),"") | M57: =IF(C57="Negatif",DATE(YEAR(D57)+'Baca Dulu'!$B$17,MONTH(D57),DAY(D57)),IF(AND(C57="Positif lain",J57="Negatif"),DATE(YEAR(G57)+'Baca Dulu'!$B$18,MONTH(G57),DAY(G57)),IF(AND(C57="Positif 16/18",J57="Negatif"),DATE(YEAR(G57)+'Baca Dulu'!$B$19,MONTH(G57),DAY(G57)),IF(C57="Invalid","Ambil ulang","Ditentukan bidan")))) -> 49960
A58: ='5 Format Standar'!C58 -> P-0056 | B58: ='5 Format Standar'!A58 -> NUSA HPV | C58: ='5 Format Standar'!M58 -> Positif lain | D58: ='5 Format Standar'!O58 -> 46303 | E58: =D58+2 -> 46305 | F58: =IF(ISNUMBER(E58),E58-D58,"") -> 2 | G58: =D58+47 -> 46350 | H58: =IF(ISNUMBER(G58),G58-D58,"") -> 47 | I58: =IF(OR(C58="Positif 16/18",C58="Positif lain"),IF(AND(ISNUMBER(H58),H58<='Baca Dulu'!$B$16),"Ya","Tidak"),"") -> Ya | J58: Negatif | K58: Tidak perlu | L58: Tidak ada | M58: =IF(C58="Negatif",DATE(YEAR(D58)+'Baca Dulu'!$B$17,MONTH(D58),DAY(D58)),IF(AND(C58="Positif lain",J58="Negatif"),DATE(YEAR(G58)+'Baca Dulu'!$B$18,MONTH(G58),DAY(G58)),IF(AND(C58="Positif 16/18",J58="Negatif"),DATE(YEAR(G58)+'Baca Dulu'!$B$19,MONTH(G58),DAY(G58)),IF(C58="Invalid","Ambil ulang","Ditentukan bidan")))) -> 47446
A59: ='5 Format Standar'!C59 -> P-0057 | B59: ='5 Format Standar'!A59 -> NUSA HPV | C59: ='5 Format Standar'!M59 -> Negatif | D59: ='5 Format Standar'!O59 -> 46303 | F59: =IF(ISNUMBER(E59),E59-D59,"") | H59: =IF(ISNUMBER(G59),G59-D59,"") | I59: =IF(OR(C59="Positif 16/18",C59="Positif lain"),IF(AND(ISNUMBER(H59),H59<='Baca Dulu'!$B$16),"Ya","Tidak"),"") | M59: =IF(C59="Negatif",DATE(YEAR(D59)+'Baca Dulu'!$B$17,MONTH(D59),DAY(D59)),IF(AND(C59="Positif lain",J59="Negatif"),DATE(YEAR(G59)+'Baca Dulu'!$B$18,MONTH(G59),DAY(G59)),IF(AND(C59="Positif 16/18",J59="Negatif"),DATE(YEAR(G59)+'Baca Dulu'!$B$19,MONTH(G59),DAY(G59)),IF(C59="Invalid","Ambil ulang","Ditentukan bidan")))) -> 49956
A60: ='5 Format Standar'!C60 -> P-0058 | B60: ='5 Format Standar'!A60 -> NUSA HPV | C60: ='5 Format Standar'!M60 -> Negatif | D60: ='5 Format Standar'!O60 -> 46304 | F60: =IF(ISNUMBER(E60),E60-D60,"") | H60: =IF(ISNUMBER(G60),G60-D60,"") | I60: =IF(OR(C60="Positif 16/18",C60="Positif lain"),IF(AND(ISNUMBER(H60),H60<='Baca Dulu'!$B$16),"Ya","Tidak"),"") | M60: =IF(C60="Negatif",DATE(YEAR(D60)+'Baca Dulu'!$B$17,MONTH(D60),DAY(D60)),IF(AND(C60="Positif lain",J60="Negatif"),DATE(YEAR(G60)+'Baca Dulu'!$B$18,MONTH(G60),DAY(G60)),IF(AND(C60="Positif 16/18",J60="Negatif"),DATE(YEAR(G60)+'Baca Dulu'!$B$19,MONTH(G60),DAY(G60)),IF(C60="Invalid","Ambil ulang","Ditentukan bidan")))) -> 49957
A61: ='5 Format Standar'!C61 -> P-0059 | B61: ='5 Format Standar'!A61 -> NUSA HPV | C61: ='5 Format Standar'!M61 -> Invalid | D61: ='5 Format Standar'!O61 -> 46302 | F61: =IF(ISNUMBER(E61),E61-D61,"") | H61: =IF(ISNUMBER(G61),G61-D61,"") | I61: =IF(OR(C61="Positif 16/18",C61="Positif lain"),IF(AND(ISNUMBER(H61),H61<='Baca Dulu'!$B$16),"Ya","Tidak"),"") | M61: =IF(C61="Negatif",DATE(YEAR(D61)+'Baca Dulu'!$B$17,MONTH(D61),DAY(D61)),IF(AND(C61="Positif lain",J61="Negatif"),DATE(YEAR(G61)+'Baca Dulu'!$B$18,MONTH(G61),DAY(G61)),IF(AND(C61="Positif 16/18",J61="Negatif"),DATE(YEAR(G61)+'Baca Dulu'!$B$19,MONTH(G61),DAY(G61)),IF(C61="Invalid","Ambil ulang","Ditentukan bidan")))) -> Ambil ulang
A62: ='5 Format Standar'!C62 -> P-0060 | B62: ='5 Format Standar'!A62 -> NUSA HPV | C62: ='5 Format Standar'!M62 -> Negatif | D62: ='5 Format Standar'!O62 -> 46308 | F62: =IF(ISNUMBER(E62),E62-D62,"") | H62: =IF(ISNUMBER(G62),G62-D62,"") | I62: =IF(OR(C62="Positif 16/18",C62="Positif lain"),IF(AND(ISNUMBER(H62),H62<='Baca Dulu'!$B$16),"Ya","Tidak"),"") | M62: =IF(C62="Negatif",DATE(YEAR(D62)+'Baca Dulu'!$B$17,MONTH(D62),DAY(D62)),IF(AND(C62="Positif lain",J62="Negatif"),DATE(YEAR(G62)+'Baca Dulu'!$B$18,MONTH(G62),DAY(G62)),IF(AND(C62="Positif 16/18",J62="Negatif"),DATE(YEAR(G62)+'Baca Dulu'!$B$19,MONTH(G62),DAY(G62)),IF(C62="Invalid","Ambil ulang","Ditentukan bidan")))) -> 49961
A63: ='5 Format Standar'!C63 -> P-0061 | B63: ='5 Format Standar'!A63 -> CerviScan | C63: ='5 Format Standar'!M63 -> Negatif | D63: ='5 Format Standar'!O63 -> 46306 | F63: =IF(ISNUMBER(E63),E63-D63,"") | H63: =IF(ISNUMBER(G63),G63-D63,"") | I63: =IF(OR(C63="Positif 16/18",C63="Positif lain"),IF(AND(ISNUMBER(H63),H63<='Baca Dulu'!$B$16),"Ya","Tidak"),"") | M63: =IF(C63="Negatif",DATE(YEAR(D63)+'Baca Dulu'!$B$17,MONTH(D63),DAY(D63)),IF(AND(C63="Positif lain",J63="Negatif"),DATE(YEAR(G63)+'Baca Dulu'!$B$18,MONTH(G63),DAY(G63)),IF(AND(C63="Positif 16/18",J63="Negatif"),DATE(YEAR(G63)+'Baca Dulu'!$B$19,MONTH(G63),DAY(G63)),IF(C63="Invalid","Ambil ulang","Ditentukan bidan")))) -> 49959
A64: ='5 Format Standar'!C64 -> P-0062 | B64: ='5 Format Standar'!A64 -> CerviScan | C64: ='5 Format Standar'!M64 -> Negatif | D64: ='5 Format Standar'!O64 -> 46306 | F64: =IF(ISNUMBER(E64),E64-D64,"") | H64: =IF(ISNUMBER(G64),G64-D64,"") | I64: =IF(OR(C64="Positif 16/18",C64="Positif lain"),IF(AND(ISNUMBER(H64),H64<='Baca Dulu'!$B$16),"Ya","Tidak"),"") | M64: =IF(C64="Negatif",DATE(YEAR(D64)+'Baca Dulu'!$B$17,MONTH(D64),DAY(D64)),IF(AND(C64="Positif lain",J64="Negatif"),DATE(YEAR(G64)+'Baca Dulu'!$B$18,MONTH(G64),DAY(G64)),IF(AND(C64="Positif 16/18",J64="Negatif"),DATE(YEAR(G64)+'Baca Dulu'!$B$19,MONTH(G64),DAY(G64)),IF(C64="Invalid","Ambil ulang","Ditentukan bidan")))) -> 49959
A65: ='5 Format Standar'!C65 -> P-0063 | B65: ='5 Format Standar'!A65 -> CerviScan | C65: ='5 Format Standar'!M65 -> Negatif | D65: ='5 Format Standar'!O65 -> 46304 | F65: =IF(ISNUMBER(E65),E65-D65,"") | H65: =IF(ISNUMBER(G65),G65-D65,"") | I65: =IF(OR(C65="Positif 16/18",C65="Positif lain"),IF(AND(ISNUMBER(H65),H65<='Baca Dulu'!$B$16),"Ya","Tidak"),"") | M65: =IF(C65="Negatif",DATE(YEAR(D65)+'Baca Dulu'!$B$17,MONTH(D65),DAY(D65)),IF(AND(C65="Positif lain",J65="Negatif"),DATE(YEAR(G65)+'Baca Dulu'!$B$18,MONTH(G65),DAY(G65)),IF(AND(C65="Positif 16/18",J65="Negatif"),DATE(YEAR(G65)+'Baca Dulu'!$B$19,MONTH(G65),DAY(G65)),IF(C65="Invalid","Ambil ulang","Ditentukan bidan")))) -> 49957
A66: ='5 Format Standar'!C66 -> P-0064 | B66: ='5 Format Standar'!A66 -> CerviScan | C66: ='5 Format Standar'!M66 -> Negatif | D66: ='5 Format Standar'!O66 -> 46310 | F66: =IF(ISNUMBER(E66),E66-D66,"") | H66: =IF(ISNUMBER(G66),G66-D66,"") | I66: =IF(OR(C66="Positif 16/18",C66="Positif lain"),IF(AND(ISNUMBER(H66),H66<='Baca Dulu'!$B$16),"Ya","Tidak"),"") | M66: =IF(C66="Negatif",DATE(YEAR(D66)+'Baca Dulu'!$B$17,MONTH(D66),DAY(D66)),IF(AND(C66="Positif lain",J66="Negatif"),DATE(YEAR(G66)+'Baca Dulu'!$B$18,MONTH(G66),DAY(G66)),IF(AND(C66="Positif 16/18",J66="Negatif"),DATE(YEAR(G66)+'Baca Dulu'!$B$19,MONTH(G66),DAY(G66)),IF(C66="Invalid","Ambil ulang","Ditentukan bidan")))) -> 49963
A67: ='5 Format Standar'!C67 -> P-0065 | B67: ='5 Format Standar'!A67 -> CerviScan | C67: ='5 Format Standar'!M67 -> Negatif | D67: ='5 Format Standar'!O67 -> 46305 | F67: =IF(ISNUMBER(E67),E67-D67,"") | H67: =IF(ISNUMBER(G67),G67-D67,"") | I67: =IF(OR(C67="Positif 16/18",C67="Positif lain"),IF(AND(ISNUMBER(H67),H67<='Baca Dulu'!$B$16),"Ya","Tidak"),"") | M67: =IF(C67="Negatif",DATE(YEAR(D67)+'Baca Dulu'!$B$17,MONTH(D67),DAY(D67)),IF(AND(C67="Positif lain",J67="Negatif"),DATE(YEAR(G67)+'Baca Dulu'!$B$18,MONTH(G67),DAY(G67)),IF(AND(C67="Positif 16/18",J67="Negatif"),DATE(YEAR(G67)+'Baca Dulu'!$B$19,MONTH(G67),DAY(G67)),IF(C67="Invalid","Ambil ulang","Ditentukan bidan")))) -> 49958
A68: ='5 Format Standar'!C68 -> P-0066 | B68: ='5 Format Standar'!A68 -> CerviScan | C68: ='5 Format Standar'!M68 -> Negatif | D68: ='5 Format Standar'!O68 -> 46313 | F68: =IF(ISNUMBER(E68),E68-D68,"") | H68: =IF(ISNUMBER(G68),G68-D68,"") | I68: =IF(OR(C68="Positif 16/18",C68="Positif lain"),IF(AND(ISNUMBER(H68),H68<='Baca Dulu'!$B$16),"Ya","Tidak"),"") | M68: =IF(C68="Negatif",DATE(YEAR(D68)+'Baca Dulu'!$B$17,MONTH(D68),DAY(D68)),IF(AND(C68="Positif lain",J68="Negatif"),DATE(YEAR(G68)+'Baca Dulu'!$B$18,MONTH(G68),DAY(G68)),IF(AND(C68="Positif 16/18",J68="Negatif"),DATE(YEAR(G68)+'Baca Dulu'!$B$19,MONTH(G68),DAY(G68)),IF(C68="Invalid","Ambil ulang","Ditentukan bidan")))) -> 49966
A69: ='5 Format Standar'!C69 -> P-0067 | B69: ='5 Format Standar'!A69 -> CerviScan | C69: ='5 Format Standar'!M69 -> Negatif | D69: ='5 Format Standar'!O69 -> 46306 | F69: =IF(ISNUMBER(E69),E69-D69,"") | H69: =IF(ISNUMBER(G69),G69-D69,"") | I69: =IF(OR(C69="Positif 16/18",C69="Positif lain"),IF(AND(ISNUMBER(H69),H69<='Baca Dulu'!$B$16),"Ya","Tidak"),"") | M69: =IF(C69="Negatif",DATE(YEAR(D69)+'Baca Dulu'!$B$17,MONTH(D69),DAY(D69)),IF(AND(C69="Positif lain",J69="Negatif"),DATE(YEAR(G69)+'Baca Dulu'!$B$18,MONTH(G69),DAY(G69)),IF(AND(C69="Positif 16/18",J69="Negatif"),DATE(YEAR(G69)+'Baca Dulu'!$B$19,MONTH(G69),DAY(G69)),IF(C69="Invalid","Ambil ulang","Ditentukan bidan")))) -> 49959
A70: ='5 Format Standar'!C70 -> P-0068 | B70: ='5 Format Standar'!A70 -> CerviScan | C70: ='5 Format Standar'!M70 -> Positif lain | D70: ='5 Format Standar'!O70 -> 46311 | E70: =D70+1 -> 46312 | F70: =IF(ISNUMBER(E70),E70-D70,"") -> 1 | G70: =D70+12 -> 46323 | H70: =IF(ISNUMBER(G70),G70-D70,"") -> 12 | I70: =IF(OR(C70="Positif 16/18",C70="Positif lain"),IF(AND(ISNUMBER(H70),H70<='Baca Dulu'!$B$16),"Ya","Tidak"),"") -> Ya | J70: Negatif | K70: Tidak perlu | L70: Tidak ada | M70: =IF(C70="Negatif",DATE(YEAR(D70)+'Baca Dulu'!$B$17,MONTH(D70),DAY(D70)),IF(AND(C70="Positif lain",J70="Negatif"),DATE(YEAR(G70)+'Baca Dulu'!$B$18,MONTH(G70),DAY(G70)),IF(AND(C70="Positif 16/18",J70="Negatif"),DATE(YEAR(G70)+'Baca Dulu'!$B$19,MONTH(G70),DAY(G70)),IF(C70="Invalid","Ambil ulang","Ditentukan bidan")))) -> 47419
A71: ='5 Format Standar'!C71 -> P-0069 | B71: ='5 Format Standar'!A71 -> CerviScan | C71: ='5 Format Standar'!M71 -> Negatif | D71: ='5 Format Standar'!O71 -> 46310 | F71: =IF(ISNUMBER(E71),E71-D71,"") | H71: =IF(ISNUMBER(G71),G71-D71,"") | I71: =IF(OR(C71="Positif 16/18",C71="Positif lain"),IF(AND(ISNUMBER(H71),H71<='Baca Dulu'!$B$16),"Ya","Tidak"),"") | M71: =IF(C71="Negatif",DATE(YEAR(D71)+'Baca Dulu'!$B$17,MONTH(D71),DAY(D71)),IF(AND(C71="Positif lain",J71="Negatif"),DATE(YEAR(G71)+'Baca Dulu'!$B$18,MONTH(G71),DAY(G71)),IF(AND(C71="Positif 16/18",J71="Negatif"),DATE(YEAR(G71)+'Baca Dulu'!$B$19,MONTH(G71),DAY(G71)),IF(C71="Invalid","Ambil ulang","Ditentukan bidan")))) -> 49963
A72: ='5 Format Standar'!C72 -> P-0070 | B72: ='5 Format Standar'!A72 -> CerviScan | C72: ='5 Format Standar'!M72 -> Negatif | D72: ='5 Format Standar'!O72 -> 46310 | F72: =IF(ISNUMBER(E72),E72-D72,"") | H72: =IF(ISNUMBER(G72),G72-D72,"") | I72: =IF(OR(C72="Positif 16/18",C72="Positif lain"),IF(AND(ISNUMBER(H72),H72<='Baca Dulu'!$B$16),"Ya","Tidak"),"") | M72: =IF(C72="Negatif",DATE(YEAR(D72)+'Baca Dulu'!$B$17,MONTH(D72),DAY(D72)),IF(AND(C72="Positif lain",J72="Negatif"),DATE(YEAR(G72)+'Baca Dulu'!$B$18,MONTH(G72),DAY(G72)),IF(AND(C72="Positif 16/18",J72="Negatif"),DATE(YEAR(G72)+'Baca Dulu'!$B$19,MONTH(G72),DAY(G72)),IF(C72="Invalid","Ambil ulang","Ditentukan bidan")))) -> 49963
A73: ='5 Format Standar'!C73 -> P-0071 | B73: ='5 Format Standar'!A73 -> CerviScan | C73: ='5 Format Standar'!M73 -> Invalid | D73: ='5 Format Standar'!O73 -> 46305 | F73: =IF(ISNUMBER(E73),E73-D73,"") | H73: =IF(ISNUMBER(G73),G73-D73,"") | I73: =IF(OR(C73="Positif 16/18",C73="Positif lain"),IF(AND(ISNUMBER(H73),H73<='Baca Dulu'!$B$16),"Ya","Tidak"),"") | M73: =IF(C73="Negatif",DATE(YEAR(D73)+'Baca Dulu'!$B$17,MONTH(D73),DAY(D73)),IF(AND(C73="Positif lain",J73="Negatif"),DATE(YEAR(G73)+'Baca Dulu'!$B$18,MONTH(G73),DAY(G73)),IF(AND(C73="Positif 16/18",J73="Negatif"),DATE(YEAR(G73)+'Baca Dulu'!$B$19,MONTH(G73),DAY(G73)),IF(C73="Invalid","Ambil ulang","Ditentukan bidan")))) -> Ambil ulang
A74: ='5 Format Standar'!C74 -> P-0072 | B74: ='5 Format Standar'!A74 -> CerviScan | C74: ='5 Format Standar'!M74 -> Negatif | D74: ='5 Format Standar'!O74 -> 46306 | F74: =IF(ISNUMBER(E74),E74-D74,"") | H74: =IF(ISNUMBER(G74),G74-D74,"") | I74: =IF(OR(C74="Positif 16/18",C74="Positif lain"),IF(AND(ISNUMBER(H74),H74<='Baca Dulu'!$B$16),"Ya","Tidak"),"") | M74: =IF(C74="Negatif",DATE(YEAR(D74)+'Baca Dulu'!$B$17,MONTH(D74),DAY(D74)),IF(AND(C74="Positif lain",J74="Negatif"),DATE(YEAR(G74)+'Baca Dulu'!$B$18,MONTH(G74),DAY(G74)),IF(AND(C74="Positif 16/18",J74="Negatif"),DATE(YEAR(G74)+'Baca Dulu'!$B$19,MONTH(G74),DAY(G74)),IF(C74="Invalid","Ambil ulang","Ditentukan bidan")))) -> 49959
A75: ='5 Format Standar'!C75 -> P-0073 | B75: ='5 Format Standar'!A75 -> CerviScan | C75: ='5 Format Standar'!M75 -> Positif 16/18 | D75: ='5 Format Standar'!O75 -> 46307 | E75: =D75+2 -> 46309 | F75: =IF(ISNUMBER(E75),E75-D75,"") -> 2 | G75: =D75+25 -> 46332 | H75: =IF(ISNUMBER(G75),G75-D75,"") -> 25 | I75: =IF(OR(C75="Positif 16/18",C75="Positif lain"),IF(AND(ISNUMBER(H75),H75<='Baca Dulu'!$B$16),"Ya","Tidak"),"") -> Ya | J75: Positif <75% | K75: Krioterapi | L75: Tidak ada | M75: =IF(C75="Negatif",DATE(YEAR(D75)+'Baca Dulu'!$B$17,MONTH(D75),DAY(D75)),IF(AND(C75="Positif lain",J75="Negatif"),DATE(YEAR(G75)+'Baca Dulu'!$B$18,MONTH(G75),DAY(G75)),IF(AND(C75="Positif 16/18",J75="Negatif"),DATE(YEAR(G75)+'Baca Dulu'!$B$19,MONTH(G75),DAY(G75)),IF(C75="Invalid","Ambil ulang","Ditentukan bidan")))) -> Ditentukan bidan
A76: ='5 Format Standar'!C76 -> P-0074 | B76: ='5 Format Standar'!A76 -> CerviScan | C76: ='5 Format Standar'!M76 -> Negatif | D76: ='5 Format Standar'!O76 -> 46305 | F76: =IF(ISNUMBER(E76),E76-D76,"") | H76: =IF(ISNUMBER(G76),G76-D76,"") | I76: =IF(OR(C76="Positif 16/18",C76="Positif lain"),IF(AND(ISNUMBER(H76),H76<='Baca Dulu'!$B$16),"Ya","Tidak"),"") | M76: =IF(C76="Negatif",DATE(YEAR(D76)+'Baca Dulu'!$B$17,MONTH(D76),DAY(D76)),IF(AND(C76="Positif lain",J76="Negatif"),DATE(YEAR(G76)+'Baca Dulu'!$B$18,MONTH(G76),DAY(G76)),IF(AND(C76="Positif 16/18",J76="Negatif"),DATE(YEAR(G76)+'Baca Dulu'!$B$19,MONTH(G76),DAY(G76)),IF(C76="Invalid","Ambil ulang","Ditentukan bidan")))) -> 49958
A77: ='5 Format Standar'!C77 -> P-0075 | B77: ='5 Format Standar'!A77 -> CerviScan | C77: ='5 Format Standar'!M77 -> Invalid | D77: ='5 Format Standar'!O77 -> 46313 | F77: =IF(ISNUMBER(E77),E77-D77,"") | H77: =IF(ISNUMBER(G77),G77-D77,"") | I77: =IF(OR(C77="Positif 16/18",C77="Positif lain"),IF(AND(ISNUMBER(H77),H77<='Baca Dulu'!$B$16),"Ya","Tidak"),"") | M77: =IF(C77="Negatif",DATE(YEAR(D77)+'Baca Dulu'!$B$17,MONTH(D77),DAY(D77)),IF(AND(C77="Positif lain",J77="Negatif"),DATE(YEAR(G77)+'Baca Dulu'!$B$18,MONTH(G77),DAY(G77)),IF(AND(C77="Positif 16/18",J77="Negatif"),DATE(YEAR(G77)+'Baca Dulu'!$B$19,MONTH(G77),DAY(G77)),IF(C77="Invalid","Ambil ulang","Ditentukan bidan")))) -> Ambil ulang
A78: ='5 Format Standar'!C78 -> P-0076 | B78: ='5 Format Standar'!A78 -> CerviScan | C78: ='5 Format Standar'!M78 -> Positif lain | D78: ='5 Format Standar'!O78 -> 46308 | E78: =D78+1 -> 46309 | F78: =IF(ISNUMBER(E78),E78-D78,"") -> 1 | G78: =D78+18 -> 46326 | H78: =IF(ISNUMBER(G78),G78-D78,"") -> 18 | I78: =IF(OR(C78="Positif 16/18",C78="Positif lain"),IF(AND(ISNUMBER(H78),H78<='Baca Dulu'!$B$16),"Ya","Tidak"),"") -> Ya | J78: Negatif | K78: Tidak perlu | L78: Tidak ada | M78: =IF(C78="Negatif",DATE(YEAR(D78)+'Baca Dulu'!$B$17,MONTH(D78),DAY(D78)),IF(AND(C78="Positif lain",J78="Negatif"),DATE(YEAR(G78)+'Baca Dulu'!$B$18,MONTH(G78),DAY(G78)),IF(AND(C78="Positif 16/18",J78="Negatif"),DATE(YEAR(G78)+'Baca Dulu'!$B$19,MONTH(G78),DAY(G78)),IF(C78="Invalid","Ambil ulang","Ditentukan bidan")))) -> 47422
A79: ='5 Format Standar'!C79 -> P-0077 | B79: ='5 Format Standar'!A79 -> CerviScan | C79: ='5 Format Standar'!M79 -> Negatif | D79: ='5 Format Standar'!O79 -> 46305 | F79: =IF(ISNUMBER(E79),E79-D79,"") | H79: =IF(ISNUMBER(G79),G79-D79,"") | I79: =IF(OR(C79="Positif 16/18",C79="Positif lain"),IF(AND(ISNUMBER(H79),H79<='Baca Dulu'!$B$16),"Ya","Tidak"),"") | M79: =IF(C79="Negatif",DATE(YEAR(D79)+'Baca Dulu'!$B$17,MONTH(D79),DAY(D79)),IF(AND(C79="Positif lain",J79="Negatif"),DATE(YEAR(G79)+'Baca Dulu'!$B$18,MONTH(G79),DAY(G79)),IF(AND(C79="Positif 16/18",J79="Negatif"),DATE(YEAR(G79)+'Baca Dulu'!$B$19,MONTH(G79),DAY(G79)),IF(C79="Invalid","Ambil ulang","Ditentukan bidan")))) -> 49958
A80: ='5 Format Standar'!C80 -> P-0078 | B80: ='5 Format Standar'!A80 -> CerviScan | C80: ='5 Format Standar'!M80 -> Negatif | D80: ='5 Format Standar'!O80 -> 46311 | F80: =IF(ISNUMBER(E80),E80-D80,"") | H80: =IF(ISNUMBER(G80),G80-D80,"") | I80: =IF(OR(C80="Positif 16/18",C80="Positif lain"),IF(AND(ISNUMBER(H80),H80<='Baca Dulu'!$B$16),"Ya","Tidak"),"") | M80: =IF(C80="Negatif",DATE(YEAR(D80)+'Baca Dulu'!$B$17,MONTH(D80),DAY(D80)),IF(AND(C80="Positif lain",J80="Negatif"),DATE(YEAR(G80)+'Baca Dulu'!$B$18,MONTH(G80),DAY(G80)),IF(AND(C80="Positif 16/18",J80="Negatif"),DATE(YEAR(G80)+'Baca Dulu'!$B$19,MONTH(G80),DAY(G80)),IF(C80="Invalid","Ambil ulang","Ditentukan bidan")))) -> 49964
A81: ='5 Format Standar'!C81 -> P-0079 | B81: ='5 Format Standar'!A81 -> CerviScan | C81: ='5 Format Standar'!M81 -> Positif lain | D81: ='5 Format Standar'!O81 -> 46309 | E81: =D81+3 -> 46312 | F81: =IF(ISNUMBER(E81),E81-D81,"") -> 3 | H81: =IF(ISNUMBER(G81),G81-D81,"") | I81: =IF(OR(C81="Positif 16/18",C81="Positif lain"),IF(AND(ISNUMBER(H81),H81<='Baca Dulu'!$B$16),"Ya","Tidak"),"") -> Tidak | M81: =IF(C81="Negatif",DATE(YEAR(D81)+'Baca Dulu'!$B$17,MONTH(D81),DAY(D81)),IF(AND(C81="Positif lain",J81="Negatif"),DATE(YEAR(G81)+'Baca Dulu'!$B$18,MONTH(G81),DAY(G81)),IF(AND(C81="Positif 16/18",J81="Negatif"),DATE(YEAR(G81)+'Baca Dulu'!$B$19,MONTH(G81),DAY(G81)),IF(C81="Invalid","Ambil ulang","Ditentukan bidan")))) -> Ditentukan bidan
A82: ='5 Format Standar'!C82 -> P-0080 | B82: ='5 Format Standar'!A82 -> CerviScan | C82: ='5 Format Standar'!M82 -> Negatif | D82: ='5 Format Standar'!O82 -> 46308 | F82: =IF(ISNUMBER(E82),E82-D82,"") | H82: =IF(ISNUMBER(G82),G82-D82,"") | I82: =IF(OR(C82="Positif 16/18",C82="Positif lain"),IF(AND(ISNUMBER(H82),H82<='Baca Dulu'!$B$16),"Ya","Tidak"),"") | M82: =IF(C82="Negatif",DATE(YEAR(D82)+'Baca Dulu'!$B$17,MONTH(D82),DAY(D82)),IF(AND(C82="Positif lain",J82="Negatif"),DATE(YEAR(G82)+'Baca Dulu'!$B$18,MONTH(G82),DAY(G82)),IF(AND(C82="Positif 16/18",J82="Negatif"),DATE(YEAR(G82)+'Baca Dulu'!$B$19,MONTH(G82),DAY(G82)),IF(C82="Invalid","Ambil ulang","Ditentukan bidan")))) -> 49961
A83: ='5 Format Standar'!C83 -> P-0081 | B83: ='5 Format Standar'!A83 -> CerviScan | C83: ='5 Format Standar'!M83 -> Positif 16/18 | D83: ='5 Format Standar'!O83 -> 46309 | E83: =D83+2 -> 46311 | F83: =IF(ISNUMBER(E83),E83-D83,"") -> 2 | G83: =D83+33 -> 46342 | H83: =IF(ISNUMBER(G83),G83-D83,"") -> 33 | I83: =IF(OR(C83="Positif 16/18",C83="Positif lain"),IF(AND(ISNUMBER(H83),H83<='Baca Dulu'!$B$16),"Ya","Tidak"),"") -> Ya | J83: Negatif | K83: Tidak perlu | L83: Tidak ada | M83: =IF(C83="Negatif",DATE(YEAR(D83)+'Baca Dulu'!$B$17,MONTH(D83),DAY(D83)),IF(AND(C83="Positif lain",J83="Negatif"),DATE(YEAR(G83)+'Baca Dulu'!$B$18,MONTH(G83),DAY(G83)),IF(AND(C83="Positif 16/18",J83="Negatif"),DATE(YEAR(G83)+'Baca Dulu'!$B$19,MONTH(G83),DAY(G83)),IF(C83="Invalid","Ambil ulang","Ditentukan bidan")))) -> 46707
A84: ='5 Format Standar'!C84 -> P-0082 | B84: ='5 Format Standar'!A84 -> CerviScan | C84: ='5 Format Standar'!M84 -> Positif lain | D84: ='5 Format Standar'!O84 -> 46309 | E84: =D84+1 -> 46310 | F84: =IF(ISNUMBER(E84),E84-D84,"") -> 1 | G84: =D84+41 -> 46350 | H84: =IF(ISNUMBER(G84),G84-D84,"") -> 41 | I84: =IF(OR(C84="Positif 16/18",C84="Positif lain"),IF(AND(ISNUMBER(H84),H84<='Baca Dulu'!$B$16),"Ya","Tidak"),"") -> Ya | J84: Negatif | K84: Tidak perlu | L84: Tidak ada | M84: =IF(C84="Negatif",DATE(YEAR(D84)+'Baca Dulu'!$B$17,MONTH(D84),DAY(D84)),IF(AND(C84="Positif lain",J84="Negatif"),DATE(YEAR(G84)+'Baca Dulu'!$B$18,MONTH(G84),DAY(G84)),IF(AND(C84="Positif 16/18",J84="Negatif"),DATE(YEAR(G84)+'Baca Dulu'!$B$19,MONTH(G84),DAY(G84)),IF(C84="Invalid","Ambil ulang","Ditentukan bidan")))) -> 47446
A85: ='5 Format Standar'!C85 -> P-0083 | B85: ='5 Format Standar'!A85 -> CerviScan | C85: ='5 Format Standar'!M85 -> Negatif | D85: ='5 Format Standar'!O85 -> 46313 | F85: =IF(ISNUMBER(E85),E85-D85,"") | H85: =IF(ISNUMBER(G85),G85-D85,"") | I85: =IF(OR(C85="Positif 16/18",C85="Positif lain"),IF(AND(ISNUMBER(H85),H85<='Baca Dulu'!$B$16),"Ya","Tidak"),"") | M85: =IF(C85="Negatif",DATE(YEAR(D85)+'Baca Dulu'!$B$17,MONTH(D85),DAY(D85)),IF(AND(C85="Positif lain",J85="Negatif"),DATE(YEAR(G85)+'Baca Dulu'!$B$18,MONTH(G85),DAY(G85)),IF(AND(C85="Positif 16/18",J85="Negatif"),DATE(YEAR(G85)+'Baca Dulu'!$B$19,MONTH(G85),DAY(G85)),IF(C85="Invalid","Ambil ulang","Ditentukan bidan")))) -> 49966
A86: ='5 Format Standar'!C86 -> P-0084 | B86: ='5 Format Standar'!A86 -> CerviScan | C86: ='5 Format Standar'!M86 -> Positif lain | D86: ='5 Format Standar'!O86 -> 46306 | E86: =D86+2 -> 46308 | F86: =IF(ISNUMBER(E86),E86-D86,"") -> 2 | G86: =D86+55 -> 46361 | H86: =IF(ISNUMBER(G86),G86-D86,"") -> 55 | I86: =IF(OR(C86="Positif 16/18",C86="Positif lain"),IF(AND(ISNUMBER(H86),H86<='Baca Dulu'!$B$16),"Ya","Tidak"),"") -> Ya | J86: Positif >=75% atau curiga kanker | K86: Rujuk FKTL | L86: CIN3 | M86: =IF(C86="Negatif",DATE(YEAR(D86)+'Baca Dulu'!$B$17,MONTH(D86),DAY(D86)),IF(AND(C86="Positif lain",J86="Negatif"),DATE(YEAR(G86)+'Baca Dulu'!$B$18,MONTH(G86),DAY(G86)),IF(AND(C86="Positif 16/18",J86="Negatif"),DATE(YEAR(G86)+'Baca Dulu'!$B$19,MONTH(G86),DAY(G86)),IF(C86="Invalid","Ambil ulang","Ditentukan bidan")))) -> Ditentukan bidan
A87: ='5 Format Standar'!C87 -> P-0085 | B87: ='5 Format Standar'!A87 -> CerviScan | C87: ='5 Format Standar'!M87 -> Negatif | D87: ='5 Format Standar'!O87 -> 46313 | F87: =IF(ISNUMBER(E87),E87-D87,"") | H87: =IF(ISNUMBER(G87),G87-D87,"") | I87: =IF(OR(C87="Positif 16/18",C87="Positif lain"),IF(AND(ISNUMBER(H87),H87<='Baca Dulu'!$B$16),"Ya","Tidak"),"") | M87: =IF(C87="Negatif",DATE(YEAR(D87)+'Baca Dulu'!$B$17,MONTH(D87),DAY(D87)),IF(AND(C87="Positif lain",J87="Negatif"),DATE(YEAR(G87)+'Baca Dulu'!$B$18,MONTH(G87),DAY(G87)),IF(AND(C87="Positif 16/18",J87="Negatif"),DATE(YEAR(G87)+'Baca Dulu'!$B$19,MONTH(G87),DAY(G87)),IF(C87="Invalid","Ambil ulang","Ditentukan bidan")))) -> 49966
A88: ='5 Format Standar'!C88 -> P-0086 | B88: ='5 Format Standar'!A88 -> CerviScan | C88: ='5 Format Standar'!M88 -> Negatif | D88: ='5 Format Standar'!O88 -> 46308 | F88: =IF(ISNUMBER(E88),E88-D88,"") | H88: =IF(ISNUMBER(G88),G88-D88,"") | I88: =IF(OR(C88="Positif 16/18",C88="Positif lain"),IF(AND(ISNUMBER(H88),H88<='Baca Dulu'!$B$16),"Ya","Tidak"),"") | M88: =IF(C88="Negatif",DATE(YEAR(D88)+'Baca Dulu'!$B$17,MONTH(D88),DAY(D88)),IF(AND(C88="Positif lain",J88="Negatif"),DATE(YEAR(G88)+'Baca Dulu'!$B$18,MONTH(G88),DAY(G88)),IF(AND(C88="Positif 16/18",J88="Negatif"),DATE(YEAR(G88)+'Baca Dulu'!$B$19,MONTH(G88),DAY(G88)),IF(C88="Invalid","Ambil ulang","Ditentukan bidan")))) -> 49961
A89: ='5 Format Standar'!C89 -> P-0087 | B89: ='5 Format Standar'!A89 -> CerviScan | C89: ='5 Format Standar'!M89 -> Negatif | D89: ='5 Format Standar'!O89 -> 46312 | F89: =IF(ISNUMBER(E89),E89-D89,"") | H89: =IF(ISNUMBER(G89),G89-D89,"") | I89: =IF(OR(C89="Positif 16/18",C89="Positif lain"),IF(AND(ISNUMBER(H89),H89<='Baca Dulu'!$B$16),"Ya","Tidak"),"") | M89: =IF(C89="Negatif",DATE(YEAR(D89)+'Baca Dulu'!$B$17,MONTH(D89),DAY(D89)),IF(AND(C89="Positif lain",J89="Negatif"),DATE(YEAR(G89)+'Baca Dulu'!$B$18,MONTH(G89),DAY(G89)),IF(AND(C89="Positif 16/18",J89="Negatif"),DATE(YEAR(G89)+'Baca Dulu'!$B$19,MONTH(G89),DAY(G89)),IF(C89="Invalid","Ambil ulang","Ditentukan bidan")))) -> 49965
A90: ='5 Format Standar'!C90 -> P-0088 | B90: ='5 Format Standar'!A90 -> CerviScan | C90: ='5 Format Standar'!M90 -> Negatif | D90: ='5 Format Standar'!O90 -> 46303 | F90: =IF(ISNUMBER(E90),E90-D90,"") | H90: =IF(ISNUMBER(G90),G90-D90,"") | I90: =IF(OR(C90="Positif 16/18",C90="Positif lain"),IF(AND(ISNUMBER(H90),H90<='Baca Dulu'!$B$16),"Ya","Tidak"),"") | M90: =IF(C90="Negatif",DATE(YEAR(D90)+'Baca Dulu'!$B$17,MONTH(D90),DAY(D90)),IF(AND(C90="Positif lain",J90="Negatif"),DATE(YEAR(G90)+'Baca Dulu'!$B$18,MONTH(G90),DAY(G90)),IF(AND(C90="Positif 16/18",J90="Negatif"),DATE(YEAR(G90)+'Baca Dulu'!$B$19,MONTH(G90),DAY(G90)),IF(C90="Invalid","Ambil ulang","Ditentukan bidan")))) -> 49956
A91: ='5 Format Standar'!C91 -> P-0089 | B91: ='5 Format Standar'!A91 -> CerviScan | C91: ='5 Format Standar'!M91 -> Negatif | D91: ='5 Format Standar'!O91 -> 46309 | F91: =IF(ISNUMBER(E91),E91-D91,"") | H91: =IF(ISNUMBER(G91),G91-D91,"") | I91: =IF(OR(C91="Positif 16/18",C91="Positif lain"),IF(AND(ISNUMBER(H91),H91<='Baca Dulu'!$B$16),"Ya","Tidak"),"") | M91: =IF(C91="Negatif",DATE(YEAR(D91)+'Baca Dulu'!$B$17,MONTH(D91),DAY(D91)),IF(AND(C91="Positif lain",J91="Negatif"),DATE(YEAR(G91)+'Baca Dulu'!$B$18,MONTH(G91),DAY(G91)),IF(AND(C91="Positif 16/18",J91="Negatif"),DATE(YEAR(G91)+'Baca Dulu'!$B$19,MONTH(G91),DAY(G91)),IF(C91="Invalid","Ambil ulang","Ditentukan bidan")))) -> 49962
A92: ='5 Format Standar'!C92 -> P-0090 | B92: ='5 Format Standar'!A92 -> CerviScan | C92: ='5 Format Standar'!M92 -> Positif 16/18 | D92: ='5 Format Standar'!O92 -> 46312 | E92: =D92+4 -> 46316 | F92: =IF(ISNUMBER(E92),E92-D92,"") -> 4 | G92: =D92+72 -> 46384 | H92: =IF(ISNUMBER(G92),G92-D92,"") -> 72 | I92: =IF(OR(C92="Positif 16/18",C92="Positif lain"),IF(AND(ISNUMBER(H92),H92<='Baca Dulu'!$B$16),"Ya","Tidak"),"") -> Tidak | J92: Negatif | K92: Tidak perlu | L92: Tidak ada | M92: =IF(C92="Negatif",DATE(YEAR(D92)+'Baca Dulu'!$B$17,MONTH(D92),DAY(D92)),IF(AND(C92="Positif lain",J92="Negatif"),DATE(YEAR(G92)+'Baca Dulu'!$B$18,MONTH(G92),DAY(G92)),IF(AND(C92="Positif 16/18",J92="Negatif"),DATE(YEAR(G92)+'Baca Dulu'!$B$19,MONTH(G92),DAY(G92)),IF(C92="Invalid","Ambil ulang","Ditentukan bidan")))) -> 46749
A93: ='5 Format Standar'!C93 -> P-0091 | B93: ='5 Format Standar'!A93 -> CerviScan | C93: ='5 Format Standar'!M93 -> Negatif | D93: ='5 Format Standar'!O93 -> 46304 | F93: =IF(ISNUMBER(E93),E93-D93,"") | H93: =IF(ISNUMBER(G93),G93-D93,"") | I93: =IF(OR(C93="Positif 16/18",C93="Positif lain"),IF(AND(ISNUMBER(H93),H93<='Baca Dulu'!$B$16),"Ya","Tidak"),"") | M93: =IF(C93="Negatif",DATE(YEAR(D93)+'Baca Dulu'!$B$17,MONTH(D93),DAY(D93)),IF(AND(C93="Positif lain",J93="Negatif"),DATE(YEAR(G93)+'Baca Dulu'!$B$18,MONTH(G93),DAY(G93)),IF(AND(C93="Positif 16/18",J93="Negatif"),DATE(YEAR(G93)+'Baca Dulu'!$B$19,MONTH(G93),DAY(G93)),IF(C93="Invalid","Ambil ulang","Ditentukan bidan")))) -> 49957
A94: ='5 Format Standar'!C94 -> P-0092 | B94: ='5 Format Standar'!A94 -> CerviScan | C94: ='5 Format Standar'!M94 -> Positif lain | D94: ='5 Format Standar'!O94 -> 46305 | E94: =D94+1 -> 46306 | F94: =IF(ISNUMBER(E94),E94-D94,"") -> 1 | G94: =D94+20 -> 46325 | H94: =IF(ISNUMBER(G94),G94-D94,"") -> 20 | I94: =IF(OR(C94="Positif 16/18",C94="Positif lain"),IF(AND(ISNUMBER(H94),H94<='Baca Dulu'!$B$16),"Ya","Tidak"),"") -> Ya | J94: Positif <75% | K94: Ablasi termal | L94: Tidak ada | M94: =IF(C94="Negatif",DATE(YEAR(D94)+'Baca Dulu'!$B$17,MONTH(D94),DAY(D94)),IF(AND(C94="Positif lain",J94="Negatif"),DATE(YEAR(G94)+'Baca Dulu'!$B$18,MONTH(G94),DAY(G94)),IF(AND(C94="Positif 16/18",J94="Negatif"),DATE(YEAR(G94)+'Baca Dulu'!$B$19,MONTH(G94),DAY(G94)),IF(C94="Invalid","Ambil ulang","Ditentukan bidan")))) -> Ditentukan bidan
A95: ='5 Format Standar'!C95 -> P-0093 | B95: ='5 Format Standar'!A95 -> CerviScan | C95: ='5 Format Standar'!M95 -> Negatif | D95: ='5 Format Standar'!O95 -> 46313 | F95: =IF(ISNUMBER(E95),E95-D95,"") | H95: =IF(ISNUMBER(G95),G95-D95,"") | I95: =IF(OR(C95="Positif 16/18",C95="Positif lain"),IF(AND(ISNUMBER(H95),H95<='Baca Dulu'!$B$16),"Ya","Tidak"),"") | M95: =IF(C95="Negatif",DATE(YEAR(D95)+'Baca Dulu'!$B$17,MONTH(D95),DAY(D95)),IF(AND(C95="Positif lain",J95="Negatif"),DATE(YEAR(G95)+'Baca Dulu'!$B$18,MONTH(G95),DAY(G95)),IF(AND(C95="Positif 16/18",J95="Negatif"),DATE(YEAR(G95)+'Baca Dulu'!$B$19,MONTH(G95),DAY(G95)),IF(C95="Invalid","Ambil ulang","Ditentukan bidan")))) -> 49966
A96: ='5 Format Standar'!C96 -> P-0094 | B96: ='5 Format Standar'!A96 -> CerviScan | C96: ='5 Format Standar'!M96 -> Negatif | D96: ='5 Format Standar'!O96 -> 46311 | F96: =IF(ISNUMBER(E96),E96-D96,"") | H96: =IF(ISNUMBER(G96),G96-D96,"") | I96: =IF(OR(C96="Positif 16/18",C96="Positif lain"),IF(AND(ISNUMBER(H96),H96<='Baca Dulu'!$B$16),"Ya","Tidak"),"") | M96: =IF(C96="Negatif",DATE(YEAR(D96)+'Baca Dulu'!$B$17,MONTH(D96),DAY(D96)),IF(AND(C96="Positif lain",J96="Negatif"),DATE(YEAR(G96)+'Baca Dulu'!$B$18,MONTH(G96),DAY(G96)),IF(AND(C96="Positif 16/18",J96="Negatif"),DATE(YEAR(G96)+'Baca Dulu'!$B$19,MONTH(G96),DAY(G96)),IF(C96="Invalid","Ambil ulang","Ditentukan bidan")))) -> 49964
A97: ='5 Format Standar'!C97 -> P-0095 | B97: ='5 Format Standar'!A97 -> CerviScan | C97: ='5 Format Standar'!M97 -> Negatif | D97: ='5 Format Standar'!O97 -> 46310 | F97: =IF(ISNUMBER(E97),E97-D97,"") | H97: =IF(ISNUMBER(G97),G97-D97,"") | I97: =IF(OR(C97="Positif 16/18",C97="Positif lain"),IF(AND(ISNUMBER(H97),H97<='Baca Dulu'!$B$16),"Ya","Tidak"),"") | M97: =IF(C97="Negatif",DATE(YEAR(D97)+'Baca Dulu'!$B$17,MONTH(D97),DAY(D97)),IF(AND(C97="Positif lain",J97="Negatif"),DATE(YEAR(G97)+'Baca Dulu'!$B$18,MONTH(G97),DAY(G97)),IF(AND(C97="Positif 16/18",J97="Negatif"),DATE(YEAR(G97)+'Baca Dulu'!$B$19,MONTH(G97),DAY(G97)),IF(C97="Invalid","Ambil ulang","Ditentukan bidan")))) -> 49963
A98: ='5 Format Standar'!C98 -> P-0096 | B98: ='5 Format Standar'!A98 -> CerviScan | C98: ='5 Format Standar'!M98 -> Negatif | D98: ='5 Format Standar'!O98 -> 46314 | F98: =IF(ISNUMBER(E98),E98-D98,"") | H98: =IF(ISNUMBER(G98),G98-D98,"") | I98: =IF(OR(C98="Positif 16/18",C98="Positif lain"),IF(AND(ISNUMBER(H98),H98<='Baca Dulu'!$B$16),"Ya","Tidak"),"") | M98: =IF(C98="Negatif",DATE(YEAR(D98)+'Baca Dulu'!$B$17,MONTH(D98),DAY(D98)),IF(AND(C98="Positif lain",J98="Negatif"),DATE(YEAR(G98)+'Baca Dulu'!$B$18,MONTH(G98),DAY(G98)),IF(AND(C98="Positif 16/18",J98="Negatif"),DATE(YEAR(G98)+'Baca Dulu'!$B$19,MONTH(G98),DAY(G98)),IF(C98="Invalid","Ambil ulang","Ditentukan bidan")))) -> 49967
A99: ='5 Format Standar'!C99 -> P-0097 | B99: ='5 Format Standar'!A99 -> CerviScan | C99: ='5 Format Standar'!M99 -> Negatif | D99: ='5 Format Standar'!O99 -> 46303 | F99: =IF(ISNUMBER(E99),E99-D99,"") | H99: =IF(ISNUMBER(G99),G99-D99,"") | I99: =IF(OR(C99="Positif 16/18",C99="Positif lain"),IF(AND(ISNUMBER(H99),H99<='Baca Dulu'!$B$16),"Ya","Tidak"),"") | M99: =IF(C99="Negatif",DATE(YEAR(D99)+'Baca Dulu'!$B$17,MONTH(D99),DAY(D99)),IF(AND(C99="Positif lain",J99="Negatif"),DATE(YEAR(G99)+'Baca Dulu'!$B$18,MONTH(G99),DAY(G99)),IF(AND(C99="Positif 16/18",J99="Negatif"),DATE(YEAR(G99)+'Baca Dulu'!$B$19,MONTH(G99),DAY(G99)),IF(C99="Invalid","Ambil ulang","Ditentukan bidan")))) -> 49956
A100: ='5 Format Standar'!C100 -> P-0098 | B100: ='5 Format Standar'!A100 -> CerviScan | C100: ='5 Format Standar'!M100 -> Negatif | D100: ='5 Format Standar'!O100 -> 46311 | F100: =IF(ISNUMBER(E100),E100-D100,"") | H100: =IF(ISNUMBER(G100),G100-D100,"") | I100: =IF(OR(C100="Positif 16/18",C100="Positif lain"),IF(AND(ISNUMBER(H100),H100<='Baca Dulu'!$B$16),"Ya","Tidak"),"") | M100: =IF(C100="Negatif",DATE(YEAR(D100)+'Baca Dulu'!$B$17,MONTH(D100),DAY(D100)),IF(AND(C100="Positif lain",J100="Negatif"),DATE(YEAR(G100)+'Baca Dulu'!$B$18,MONTH(G100),DAY(G100)),IF(AND(C100="Positif 16/18",J100="Negatif"),DATE(YEAR(G100)+'Baca Dulu'!$B$19,MONTH(G100),DAY(G100)),IF(C100="Invalid","Ambil ulang","Ditentukan bidan")))) -> 49964
...

Sheet 7 Ringkasan
A1: Ringkasan per alat (semua rumus). Ingat: komposisi positif dibuat ~20% untuk demo.
A3: Indikator | B3: NUSA HPV | C3: CerviScan | D3: cobas | E3: Catatan
A4: Jumlah sampel | B4: =COUNTIF('5 Format Standar'!$A$3:$A$182,"NUSA HPV") -> 60 | C4: =COUNTIF('5 Format Standar'!$A$3:$A$182,"CerviScan") -> 60 | D4: =COUNTIF('5 Format Standar'!$A$3:$A$182,"cobas") -> 60 | E4: Sheet 5
A5: Negatif | B5: =COUNTIFS('5 Format Standar'!$A$3:$A$182,"NUSA HPV",'5 Format Standar'!$M$3:$M$182,"Negatif") -> 45 | C5: =COUNTIFS('5 Format Standar'!$A$3:$A$182,"CerviScan",'5 Format Standar'!$M$3:$M$182,"Negatif") -> 45 | D5: =COUNTIFS('5 Format Standar'!$A$3:$A$182,"cobas",'5 Format Standar'!$M$3:$M$182,"Negatif") -> 45
A6: Positif 16/18 | B6: =COUNTIFS('5 Format Standar'!$A$3:$A$182,"NUSA HPV",'5 Format Standar'!$M$3:$M$182,"Positif 16/18") -> 4 | C6: =COUNTIFS('5 Format Standar'!$A$3:$A$182,"CerviScan",'5 Format Standar'!$M$3:$M$182,"Positif 16/18") -> 4 | D6: =COUNTIFS('5 Format Standar'!$A$3:$A$182,"cobas",'5 Format Standar'!$M$3:$M$182,"Positif 16/18") -> 4
A7: Positif lain | B7: =COUNTIFS('5 Format Standar'!$A$3:$A$182,"NUSA HPV",'5 Format Standar'!$M$3:$M$182,"Positif lain") -> 8 | C7: =COUNTIFS('5 Format Standar'!$A$3:$A$182,"CerviScan",'5 Format Standar'!$M$3:$M$182,"Positif lain") -> 8 | D7: =COUNTIFS('5 Format Standar'!$A$3:$A$182,"cobas",'5 Format Standar'!$M$3:$M$182,"Positif lain") -> 8
A8: Invalid | B8: =COUNTIFS('5 Format Standar'!$A$3:$A$182,"NUSA HPV",'5 Format Standar'!$M$3:$M$182,"Invalid") -> 3 | C8: =COUNTIFS('5 Format Standar'!$A$3:$A$182,"CerviScan",'5 Format Standar'!$M$3:$M$182,"Invalid") -> 3 | D8: =COUNTIFS('5 Format Standar'!$A$3:$A$182,"cobas",'5 Format Standar'!$M$3:$M$182,"Invalid") -> 3
A9: % invalid | B9: =IFERROR(B8/B4,0) -> 0.05 | C9: =IFERROR(C8/C4,0) -> 0.05 | D9: =IFERROR(D8/D4,0) -> 0.05 | E9: Sasaran desain: serendah mungkin
A10: % positif (16/18 + lain) | B10: =IFERROR((B6+B7)/B4,0) -> 0.2 | C10: =IFERROR((C6+C7)/C4,0) -> 0.2 | D10: =IFERROR((D6+D7)/D4,0) -> 0.2 | E10: Demo ~20%; program nyata ~4%
A11: Positif yang IVA <= 60 hari | B11: =COUNTIFS('6 Tindak Lanjut'!$B$3:$B$182,"NUSA HPV",'6 Tindak Lanjut'!$I$3:$I$182,"Ya") -> 9 | C11: =COUNTIFS('6 Tindak Lanjut'!$B$3:$B$182,"CerviScan",'6 Tindak Lanjut'!$I$3:$I$182,"Ya") -> 9 | D11: =COUNTIFS('6 Tindak Lanjut'!$B$3:$B$182,"cobas",'6 Tindak Lanjut'!$I$3:$I$182,"Ya") -> 9 | E11: KPI utama loop
A12: % positif IVA <= 60 hari | B12: =IFERROR(B11/(B6+B7),0) -> 0.75 | C12: =IFERROR(C11/(C6+C7),0) -> 0.75 | D12: =IFERROR(D11/(D6+D7),0) -> 0.75 | E12: Target pilot >= 80%
A13: Rata-rata hari hasil ke kontak kader | B13: =IFERROR(AVERAGEIFS('6 Tindak Lanjut'!$F$3:$F$182,'6 Tindak Lanjut'!$B$3:$B$182,"NUSA HPV"),0) -> 2 | C13: =IFERROR(AVERAGEIFS('6 Tindak Lanjut'!$F$3:$F$182,'6 Tindak Lanjut'!$B$3:$B$182,"CerviScan"),0) -> 2 | D13: =IFERROR(AVERAGEIFS('6 Tindak Lanjut'!$F$3:$F$182,'6 Tindak Lanjut'!$B$3:$B$182,"cobas"),0) -> 2 | E13: Target <= 2 hari
A14: Rata-rata delta-Ct sampel positif | B14: =IFERROR(AVERAGEIFS('5 Format Standar'!$N$3:$N$182,'5 Format Standar'!$A$3:$A$182,"NUSA HPV"),"Tidak tersedia") -> 1.7 | C14: =IFERROR(AVERAGEIFS('5 Format Standar'!$N$3:$N$182,'5 Format Standar'!$A$3:$A$182,"CerviScan"),"Tidak tersedia") -> 0 | D14: =IFERROR(AVERAGEIFS('5 Format Standar'!$N$3:$N$182,'5 Format Standar'!$A$3:$A$182,"cobas"),"Tidak tersedia") -> Tidak tersedia | E14: cobas: Ct perlu cek
A15: Variabel tersedia (Ya) di Kamus Data | B15: =COUNTIF('1 Kamus Data'!F2:F36,"Ya*") -> 32 | C15: =COUNTIF('1 Kamus Data'!G2:G36,"Ya*") -> 25 | D15: =COUNTIF('1 Kamus Data'!H2:H36,"Ya*") -> 19 | E15: Termasuk yang lewat software
A16: Variabel 'Perlu cek' | B16: =COUNTIF('1 Kamus Data'!F2:F36,"Perlu cek*") -> 0 | C16: =COUNTIF('1 Kamus Data'!G2:G36,"Perlu cek*") -> 1 | D16: =COUNTIF('1 Kamus Data'!H2:H36,"Perlu cek*") -> 6 | E16: Konfirmasi ke vendor
A17: Variabel tidak tersedia | B17: =COUNTIF('1 Kamus Data'!F2:F36,"Tidak*") -> 2 | C17: =COUNTIF('1 Kamus Data'!G2:G36,"Tidak*") -> 6 | D17: =COUNTIF('1 Kamus Data'!H2:H36,"Tidak*") -> 8
A19: Catatan: pola tindak lanjut sengaja dibuat sama untuk ketiga alat, karena loop dijalankan software yang sama. Perbedaan antar alat ada di kelengkapan data (baris 14-17), bukan di kinerja tindak lanjut.
